,draft_id,draft_slot,is_keeper,metadata,pick_no,picked_by,player_id,roster_id,round
0,863912024172847105,1,,"PlayerDraftPickMetadata(first_name='Jonathan', injury_status=<InjuryStatus.NA: 'NA'>, last_name='Taylor', news_updated='1661664362396', number='28', player_id='6813', position=<NFLPosition.RB: 'RB'>, sport=<Sport.NFL: 'NFL'>, status=<NFLPlayerStatus.ACTIVE: 'ACTIVE'>, team=<NFLTeam.IND: 'IND'>)",1,455204806886158336,6813,14,1
1,863912024172847105,2,,"PlayerDraftPickMetadata(first_name='Christian', injury_status=<InjuryStatus.NA: 'NA'>, last_name='McCaffrey', news_updated='1661550311801', number='22', player_id='4034', position=<NFLPosition.RB: 'RB'>, sport=<Sport.NFL: 'NFL'>, status=<NFLPlayerStatus.ACTIVE: 'ACTIVE'>, team=<NFLTeam.CAR: 'CAR'>)",2,605279643485933568,4034,9,1
2,863912024172847105,3,,"PlayerDraftPickMetadata(first_name='Derrick', injury_status=<InjuryStatus.NA: 'NA'>, last_name='Henry', news_updated='1662096645655', number='22', player_id='3198', position=<NFLPosition.RB: 'RB'>, sport=<Sport.NFL: 'NFL'>, status=<NFLPlayerStatus.ACTIVE: 'ACTIVE'>, team=<NFLTeam.TEN: 'TEN'>)",3,605249638039109632,3198,5,1
3,863912024172847105,4,,"PlayerDraftPickMetadata(first_name='Austin', injury_status=<InjuryStatus.NA: 'NA'>, last_name='Ekeler', news_updated='1661638259523', number='30', player_id='4663', position=<NFLPosition.RB: 'RB'>, sport=<Sport.NFL: 'NFL'>, status=<NFLPlayerStatus.ACTIVE: 'ACTIVE'>, team=<NFLTeam.LAC: 'LAC'>)",4,340485204214874112,4663,1,1
4,863912024172847105,5,,"PlayerDraftPickMetadata(first_name='Dalvin', injury_status=<InjuryStatus.NA: 'NA'>, last_name='Cook', news_updated='1661537410200', number='4', player_id='4029', position=<NFLPosition.RB: 'RB'>, sport=<Sport.NFL: 'NFL'>, status=<NFLPlayerStatus.ACTIVE: 'ACTIVE'>, team=<NFLTeam.MIN: 'MIN'>)",5,618292946139164672,4029,12,1
5,863912024172847105,6,,"PlayerDraftPickMetadata(first_name='Najee', injury_status=<InjuryStatus.NA: 'NA'>, last_name='Harris', news_updated='1661800847687', number='22', player_id='7528', position=<NFLPosition.RB: 'RB'>, sport=<Sport.NFL: 'NFL'>, status=<NFLPlayerStatus.ACTIVE: 'ACTIVE'>, team=<NFLTeam.PIT: 'PIT'>)",6,605445447401689088,7528,6,1
6,863912024172847105,7,,"PlayerDraftPickMetadata(first_name='Justin', injury_status=<InjuryStatus.NA: 'NA'>, last_name='Jefferson', news_updated='1661536509762', number='18', player_id='6794', position=<NFLPosition.WR: 'WR'>, sport=<Sport.NFL: 'NFL'>, status=<NFLPlayerStatus.ACTIVE: 'ACTIVE'>, team=<NFLTeam.MIN: 'MIN'>)",7,869626839986032640,6794,8,1
7,863912024172847105,8,,"PlayerDraftPickMetadata(first_name='Cooper', injury_status=<InjuryStatus.NA: 'NA'>, last_name='Kupp', news_updated='1661630457442', number='10', player_id='4039', position=<NFLPosition.WR: 'WR'>, sport=<Sport.NFL: 'NFL'>, status=<NFLPlayerStatus.ACTIVE: 'ACTIVE'>, team=<NFLTeam.LAR: 'LAR'>)",8,605254631701970944,4039,13,1
8,863912024172847105,9,,"PlayerDraftPickMetadata(first_name=""D'Andre"", injury_status=<InjuryStatus.NA: 'NA'>, last_name='Swift', news_updated='1661749848402', number='32', player_id='6790', position=<NFLPosition.RB: 'RB'>, sport=<Sport.NFL: 'NFL'>, status=<NFLPlayerStatus.ACTIVE: 'ACTIVE'>, team=<NFLTeam.DET: 'DET'>)",9,605176209256583168,6790,3,1
9,863912024172847105,10,,"PlayerDraftPickMetadata(first_name='Davante', injury_status=<InjuryStatus.NA: 'NA'>, last_name='Adams', news_updated='1661570415222', number='17', player_id='2133', position=<NFLPosition.WR: 'WR'>, sport=<Sport.NFL: 'NFL'>, status=<NFLPlayerStatus.ACTIVE: 'ACTIVE'>, team=<NFLTeam.LV: 'LV'>)",10,605180610515898368,2133,4,1
10,863912024172847105,11,,"PlayerDraftPickMetadata(first_name=""Ja'Marr"", injury_status=<InjuryStatus.NA: 'NA'>, last_name='Chase', news_updated='1661160303825', number='1', player_id='7564', position=<NFLPosition.WR: 'WR'>, sport=<Sport.NFL: 'NFL'>, status=<NFLPlayerStatus.ACTIVE: 'ACTIVE'>, team=<NFLTeam.CIN: 'CIN'>)",11,737782444484370432,7564,10,1
11,863912024172847105,12,,"PlayerDraftPickMetadata(first_name='Alvin', injury_status=<InjuryStatus.NA: 'NA'>, last_name='Kamara', news_updated='1661570415225', number='41', player_id='4035', position=<NFLPosition.RB: 'RB'>, sport=<Sport.NFL: 'NFL'>, status=<NFLPlayerStatus.ACTIVE: 'ACTIVE'>, team=<NFLTeam.NO: 'NO'>)",12,605263942515773440,4035,7,1
12,863912024172847105,13,,"PlayerDraftPickMetadata(first_name='Stefon', injury_status=<InjuryStatus.NA: 'NA'>, last_name='Diggs', news_updated='1661568615080', number='14', player_id='2449', position=<NFLPosition.WR: 'WR'>, sport=<Sport.NFL: 'NFL'>, status=<NFLPlayerStatus.ACTIVE: 'ACTIVE'>, team=<NFLTeam.BUF: 'BUF'>)",13,605175435638145024,2449,2,1
13,863912024172847105,14,,"PlayerDraftPickMetadata(first_name='Joe', injury_status=<InjuryStatus.NA: 'NA'>, last_name='Mixon', news_updated='1661159703564', number='28', player_id='4018', position=<NFLPosition.RB: 'RB'>, sport=<Sport.NFL: 'NFL'>, status=<NFLPlayerStatus.ACTIVE: 'ACTIVE'>, team=<NFLTeam.CIN: 'CIN'>)",14,605266609971470336,4018,11,1
14,863912024172847105,14,,"PlayerDraftPickMetadata(first_name='Tyreek', injury_status=<InjuryStatus.NA: 'NA'>, last_name='Hill', news_updated='1661676303875', number='10', player_id='3321', position=<NFLPosition.WR: 'WR'>, sport=<Sport.NFL: 'NFL'>, status=<NFLPlayerStatus.ACTIVE: 'ACTIVE'>, team=<NFLTeam.MIA: 'MIA'>)",15,605266609971470336,3321,11,2
15,863912024172847105,13,,"PlayerDraftPickMetadata(first_name='Saquon', injury_status=<InjuryStatus.NA: 'NA'>, last_name='Barkley', news_updated='1661724646011', number='26', player_id='4866', position=<NFLPosition.RB: 'RB'>, sport=<Sport.NFL: 'NFL'>, status=<NFLPlayerStatus.ACTIVE: 'ACTIVE'>, team=<NFLTeam.NYG: 'NYG'>)",16,605175435638145024,4866,2,2
16,863912024172847105,12,,"PlayerDraftPickMetadata(first_name='Travis', injury_status=<InjuryStatus.NA: 'NA'>, last_name='Kelce', news_updated='1661040618648', number='87', player_id='1466', position=<NFLPosition.TE: 'TE'>, sport=<Sport.NFL: 'NFL'>, status=<NFLPlayerStatus.ACTIVE: 'ACTIVE'>, team=<NFLTeam.KC: 'KC'>)",17,605263942515773440,1466,7,2
17,863912024172847105,11,,"PlayerDraftPickMetadata(first_name='CeeDee', injury_status=<InjuryStatus.QUESTIONABLE: 'QUESTIONABLE'>, last_name='Lamb', news_updated='1661552412395', number='88', player_id='6786', position=<NFLPosition.WR: 'WR'>, sport=<Sport.NFL: 'NFL'>, status=<NFLPlayerStatus.ACTIVE: 'ACTIVE'>, team=<NFLTeam.DAL: 'DAL'>)",18,737782444484370432,6786,10,2
18,863912024172847105,10,,"PlayerDraftPickMetadata(first_name='Aaron', injury_status=<InjuryStatus.NA: 'NA'>, last_name='Jones', news_updated='1661515807245', number='33', player_id='4199', position=<NFLPosition.RB: 'RB'>, sport=<Sport.NFL: 'NFL'>, status=<NFLPlayerStatus.ACTIVE: 'ACTIVE'>, team=<NFLTeam.GB: 'GB'>)",19,605180610515898368,4199,4,2
19,863912024172847105,9,,"PlayerDraftPickMetadata(first_name='Mark', injury_status=<InjuryStatus.NA: 'NA'>, last_name='Andrews', news_updated='1661460359278', number='89', player_id='5012', position=<NFLPosition.TE: 'TE'>, sport=<Sport.NFL: 'NFL'>, status=<NFLPlayerStatus.ACTIVE: 'ACTIVE'>, team=<NFLTeam.BAL: 'BAL'>)",20,605176209256583168,5012,3,2
20,863912024172847105,8,,"PlayerDraftPickMetadata(first_name='Nick', injury_status=<InjuryStatus.NA: 'NA'>, last_name='Chubb', news_updated='1661659260748', number='24', player_id='4988', position=<NFLPosition.RB: 'RB'>, sport=<Sport.NFL: 'NFL'>, status=<NFLPlayerStatus.ACTIVE: 'ACTIVE'>, team=<NFLTeam.CLE: 'CLE'>)",21,605254631701970944,4988,13,2
21,863912024172847105,7,,"PlayerDraftPickMetadata(first_name='Javonte', injury_status=<InjuryStatus.NA: 'NA'>, last_name='Williams', news_updated='1661194808442', number='33', player_id='7588', position=<NFLPosition.RB: 'RB'>, sport=<Sport.NFL: 'NFL'>, status=<NFLPlayerStatus.ACTIVE: 'ACTIVE'>, team=<NFLTeam.DEN: 'DEN'>)",22,869626839986032640,7588,8,2
22,863912024172847105,6,,"PlayerDraftPickMetadata(first_name='Mike', injury_status=<InjuryStatus.NA: 'NA'>, last_name='Evans', news_updated='1661656260585', number='13', player_id='2216', position=<NFLPosition.WR: 'WR'>, sport=<Sport.NFL: 'NFL'>, status=<NFLPlayerStatus.ACTIVE: 'ACTIVE'>, team=<NFLTeam.TB: 'TB'>)",23,605445447401689088,2216,6,2
23,863912024172847105,5,,"PlayerDraftPickMetadata(first_name='Leonard', injury_status=<InjuryStatus.NA: 'NA'>, last_name='Fournette', news_updated='1661655360694', number='7', player_id='3969', position=<NFLPosition.RB: 'RB'>, sport=<Sport.NFL: 'NFL'>, status=<NFLPlayerStatus.ACTIVE: 'ACTIVE'>, team=<NFLTeam.TB: 'TB'>)",24,618292946139164672,3969,12,2
24,863912024172847105,4,,"PlayerDraftPickMetadata(first_name='Deebo', injury_status=<InjuryStatus.QUESTIONABLE: 'QUESTIONABLE'>, last_name='Samuel', news_updated='1662098446099', number='19', player_id='5872', position=<NFLPosition.WR: 'WR'>, sport=<Sport.NFL: 'NFL'>, status=<NFLPlayerStatus.ACTIVE: 'ACTIVE'>, team=<NFLTeam.SF: 'SF'>)",25,340485204214874112,5872,1,2
25,863912024172847105,3,,"PlayerDraftPickMetadata(first_name='Ezekiel', injury_status=<InjuryStatus.NA: 'NA'>, last_name='Elliott', news_updated='1661060420688', number='21', player_id='3164', position=<NFLPosition.RB: 'RB'>, sport=<Sport.NFL: 'NFL'>, status=<NFLPlayerStatus.ACTIVE: 'ACTIVE'>, team=<NFLTeam.DAL: 'DAL'>)",26,605249638039109632,3164,5,2
26,863912024172847105,2,,"PlayerDraftPickMetadata(first_name='A.J.', injury_status=<InjuryStatus.NA: 'NA'>, last_name='Brown', news_updated='1662223822610', number='11', player_id='5859', position=<NFLPosition.WR: 'WR'>, sport=<Sport.NFL: 'NFL'>, status=<NFLPlayerStatus.ACTIVE: 'ACTIVE'>, team=<NFLTeam.PHI: 'PHI'>)",27,605279643485933568,5859,9,2
27,863912024172847105,1,,"PlayerDraftPickMetadata(first_name='Josh', injury_status=<InjuryStatus.NA: 'NA'>, last_name='Allen', news_updated='1661568615075', number='17', player_id='4984', position=<NFLPosition.QB: 'QB'>, sport=<Sport.NFL: 'NFL'>, status=<NFLPlayerStatus.ACTIVE: 'ACTIVE'>, team=<NFLTeam.BUF: 'BUF'>)",28,455204806886158336,4984,14,2
28,863912024172847105,1,,"PlayerDraftPickMetadata(first_name='Keenan', injury_status=<InjuryStatus.NA: 'NA'>, last_name='Allen', news_updated='1661740848041', number='13', player_id='1479', position=<NFLPosition.WR: 'WR'>, sport=<Sport.NFL: 'NFL'>, status=<NFLPlayerStatus.ACTIVE: 'ACTIVE'>, team=<NFLTeam.LAC: 'LAC'>)",29,455204806886158336,1479,14,3
29,863912024172847105,2,,"PlayerDraftPickMetadata(first_name='George', injury_status=<InjuryStatus.NA: 'NA'>, last_name='Kittle', news_updated='1661492403953', number='85', player_id='4217', position=<NFLPosition.TE: 'TE'>, sport=<Sport.NFL: 'NFL'>, status=<NFLPlayerStatus.ACTIVE: 'ACTIVE'>, team=<NFLTeam.SF: 'SF'>)",30,605279643485933568,4217,9,3
30,863912024172847105,3,,"PlayerDraftPickMetadata(first_name='Patrick', injury_status=<InjuryStatus.NA: 'NA'>, last_name='Mahomes', news_updated='1661044517837', number='15', player_id='4046', position=<NFLPosition.QB: 'QB'>, sport=<Sport.NFL: 'NFL'>, status=<NFLPlayerStatus.ACTIVE: 'ACTIVE'>, team=<NFLTeam.KC: 'KC'>)",31,605249638039109632,4046,5,3
31,863912024172847105,4,,"PlayerDraftPickMetadata(first_name='James', injury_status=<InjuryStatus.NA: 'NA'>, last_name='Conner', news_updated='1661653560916', number='6', player_id='4137', position=<NFLPosition.RB: 'RB'>, sport=<Sport.NFL: 'NFL'>, status=<NFLPlayerStatus.ACTIVE: 'ACTIVE'>, team=<NFLTeam.ARI: 'ARI'>)",32,340485204214874112,4137,1,3
32,863912024172847105,5,,"PlayerDraftPickMetadata(first_name='Tee', injury_status=<InjuryStatus.QUESTIONABLE: 'QUESTIONABLE'>, last_name='Higgins', news_updated='1661969453862', number='85', player_id='6801', position=<NFLPosition.WR: 'WR'>, sport=<Sport.NFL: 'NFL'>, status=<NFLPlayerStatus.ACTIVE: 'ACTIVE'>, team=<NFLTeam.CIN: 'CIN'>)",33,618292946139164672,6801,12,3
33,863912024172847105,6,,"PlayerDraftPickMetadata(first_name='David', injury_status=<InjuryStatus.NA: 'NA'>, last_name='Montgomery', news_updated='1661720744091', number='32', player_id='5892', position=<NFLPosition.RB: 'RB'>, sport=<Sport.NFL: 'NFL'>, status=<NFLPlayerStatus.ACTIVE: 'ACTIVE'>, team=<NFLTeam.CHI: 'CHI'>)",34,605445447401689088,5892,6,3
34,863912024172847105,7,,"PlayerDraftPickMetadata(first_name='Justin', injury_status=<InjuryStatus.NA: 'NA'>, last_name='Herbert', news_updated='1661913654202', number='10', player_id='6797', position=<NFLPosition.QB: 'QB'>, sport=<Sport.NFL: 'NFL'>, status=<NFLPlayerStatus.ACTIVE: 'ACTIVE'>, team=<NFLTeam.LAC: 'LAC'>)",35,869626839986032640,6797,8,3
35,863912024172847105,8,,"PlayerDraftPickMetadata(first_name='Cam', injury_status=<InjuryStatus.NA: 'NA'>, last_name='Akers', news_updated='1662154815586', number='3', player_id='6938', position=<NFLPosition.RB: 'RB'>, sport=<Sport.NFL: 'NFL'>, status=<NFLPlayerStatus.ACTIVE: 'ACTIVE'>, team=<NFLTeam.LAR: 'LAR'>)",36,605254631701970944,6938,13,3
36,863912024172847105,9,,"PlayerDraftPickMetadata(first_name='DJ', injury_status=<InjuryStatus.NA: 'NA'>, last_name='Moore', news_updated='1661571314651', number='2', player_id='4983', position=<NFLPosition.WR: 'WR'>, sport=<Sport.NFL: 'NFL'>, status=<NFLPlayerStatus.ACTIVE: 'ACTIVE'>, team=<NFLTeam.CAR: 'CAR'>)",37,605176209256583168,4983,3,3
37,863912024172847105,10,,"PlayerDraftPickMetadata(first_name='Kyle', injury_status=<InjuryStatus.NA: 'NA'>, last_name='Pitts', news_updated='1661230229430', number='8', player_id='7553', position=<NFLPosition.TE: 'TE'>, sport=<Sport.NFL: 'NFL'>, status=<NFLPlayerStatus.ACTIVE: 'ACTIVE'>, team=<NFLTeam.ATL: 'ATL'>)",38,605180610515898368,7553,4,3
38,863912024172847105,11,,"PlayerDraftPickMetadata(first_name='Terry', injury_status=<InjuryStatus.NA: 'NA'>, last_name='McLaurin', news_updated='1661702106989', number='17', player_id='5927', position=<NFLPosition.WR: 'WR'>, sport=<Sport.NFL: 'NFL'>, status=<NFLPlayerStatus.ACTIVE: 'ACTIVE'>, team=<NFLTeam.WAS: 'WAS'>)",39,737782444484370432,5927,10,3
39,863912024172847105,12,,"PlayerDraftPickMetadata(first_name='Michael', injury_status=<InjuryStatus.NA: 'NA'>, last_name='Pittman', news_updated='1661664662301', number='11', player_id='6819', position=<NFLPosition.WR: 'WR'>, sport=<Sport.NFL: 'NFL'>, status=<NFLPlayerStatus.ACTIVE: 'ACTIVE'>, team=<NFLTeam.IND: 'IND'>)",40,605263942515773440,6819,7,3
40,863912024172847105,13,,"PlayerDraftPickMetadata(first_name='Travis', injury_status=<InjuryStatus.NA: 'NA'>, last_name='Etienne', news_updated='1661684104614', number='1', player_id='7543', position=<NFLPosition.RB: 'RB'>, sport=<Sport.NFL: 'NFL'>, status=<NFLPlayerStatus.ACTIVE: 'ACTIVE'>, team=<NFLTeam.JAX: 'JAX'>)",41,605175435638145024,7543,2,3
41,863912024172847105,14,,"PlayerDraftPickMetadata(first_name='Josh', injury_status=<InjuryStatus.NA: 'NA'>, last_name='Jacobs', news_updated='1661571615308', number='28', player_id='5850', position=<NFLPosition.RB: 'RB'>, sport=<Sport.NFL: 'NFL'>, status=<NFLPlayerStatus.ACTIVE: 'ACTIVE'>, team=<NFLTeam.LV: 'LV'>)",42,605266609971470336,5850,11,3
42,863912024172847105,14,,"PlayerDraftPickMetadata(first_name='Dalton', injury_status=<InjuryStatus.NA: 'NA'>, last_name='Schultz', news_updated='1661535909727', number='86', player_id='5001', position=<NFLPosition.TE: 'TE'>, sport=<Sport.NFL: 'NFL'>, status=<NFLPlayerStatus.ACTIVE: 'ACTIVE'>, team=<NFLTeam.DAL: 'DAL'>)",43,605266609971470336,5001,11,4
43,863912024172847105,13,,"PlayerDraftPickMetadata(first_name='Diontae', injury_status=<InjuryStatus.QUESTIONABLE: 'QUESTIONABLE'>, last_name='Johnson', news_updated='1661884229210', number='18', player_id='5937', position=<NFLPosition.WR: 'WR'>, sport=<Sport.NFL: 'NFL'>, status=<NFLPlayerStatus.ACTIVE: 'ACTIVE'>, team=<NFLTeam.PIT: 'PIT'>)",44,605175435638145024,5937,2,4
44,863912024172847105,12,,"PlayerDraftPickMetadata(first_name='Courtland', injury_status=<InjuryStatus.NA: 'NA'>, last_name='Sutton', news_updated='1661647559671', number='14', player_id='5045', position=<NFLPosition.WR: 'WR'>, sport=<Sport.NFL: 'NFL'>, status=<NFLPlayerStatus.ACTIVE: 'ACTIVE'>, team=<NFLTeam.DEN: 'DEN'>)",45,605263942515773440,5045,7,4
45,863912024172847105,11,,"PlayerDraftPickMetadata(first_name='Breece', injury_status=<InjuryStatus.NA: 'NA'>, last_name='Hall', news_updated='1661772910024', number='20', player_id='8155', position=<NFLPosition.RB: 'RB'>, sport=<Sport.NFL: 'NFL'>, status=<NFLPlayerStatus.ACTIVE: 'ACTIVE'>, team=<NFLTeam.NYJ: 'NYJ'>)",46,737782444484370432,8155,10,4
46,863912024172847105,10,,"PlayerDraftPickMetadata(first_name='Mike', injury_status=<InjuryStatus.NA: 'NA'>, last_name='Williams', news_updated='1661761508243', number='81', player_id='4068', position=<NFLPosition.WR: 'WR'>, sport=<Sport.NFL: 'NFL'>, status=<NFLPlayerStatus.ACTIVE: 'ACTIVE'>, team=<NFLTeam.LAC: 'LAC'>)",47,605180610515898368,4068,4,4
47,863912024172847105,9,,"PlayerDraftPickMetadata(first_name='J.K.', injury_status=<InjuryStatus.QUESTIONABLE: 'QUESTIONABLE'>, last_name='Dobbins', news_updated='1661990141737', number='27', player_id='6806', position=<NFLPosition.RB: 'RB'>, sport=<Sport.NFL: 'NFL'>, status=<NFLPlayerStatus.ACTIVE: 'ACTIVE'>, team=<NFLTeam.BAL: 'BAL'>)",48,605176209256583168,6806,3,4
48,863912024172847105,8,,"PlayerDraftPickMetadata(first_name='Antonio', injury_status=<InjuryStatus.NA: 'NA'>, last_name='Gibson', news_updated='1662052240178', number='24', player_id='6945', position=<NFLPosition.RB: 'RB'>, sport=<Sport.NFL: 'NFL'>, status=<NFLPlayerStatus.ACTIVE: 'ACTIVE'>, team=<NFLTeam.WAS: 'WAS'>)",49,605254631701970944,6945,13,4
49,863912024172847105,7,,"PlayerDraftPickMetadata(first_name='Jerry', injury_status=<InjuryStatus.NA: 'NA'>, last_name='Jeudy', news_updated='1661647859648', number='10', player_id='6783', position=<NFLPosition.WR: 'WR'>, sport=<Sport.NFL: 'NFL'>, status=<NFLPlayerStatus.ACTIVE: 'ACTIVE'>, team=<NFLTeam.DEN: 'DEN'>)",50,869626839986032640,6783,8,4
50,863912024172847105,6,,"PlayerDraftPickMetadata(first_name='Lamar', injury_status=<InjuryStatus.NA: 'NA'>, last_name='Jackson', news_updated='1661470559769', number='8', player_id='4881', position=<NFLPosition.QB: 'QB'>, sport=<Sport.NFL: 'NFL'>, status=<NFLPlayerStatus.ACTIVE: 'ACTIVE'>, team=<NFLTeam.BAL: 'BAL'>)",51,605445447401689088,4881,6,4
51,863912024172847105,5,,"PlayerDraftPickMetadata(first_name='Darren', injury_status=<InjuryStatus.QUESTIONABLE: 'QUESTIONABLE'>, last_name='Waller', news_updated='1662147311186', number='83', player_id='2505', position=<NFLPosition.TE: 'TE'>, sport=<Sport.NFL: 'NFL'>, status=<NFLPlayerStatus.ACTIVE: 'ACTIVE'>, team=<NFLTeam.LV: 'LV'>)",52,618292946139164672,2505,12,4
52,863912024172847105,4,,"PlayerDraftPickMetadata(first_name='Brandin', injury_status=<InjuryStatus.NA: 'NA'>, last_name='Cooks', news_updated='1661460059977', number='13', player_id='2197', position=<NFLPosition.WR: 'WR'>, sport=<Sport.NFL: 'NFL'>, status=<NFLPlayerStatus.ACTIVE: 'ACTIVE'>, team=<NFLTeam.HOU: 'HOU'>)",53,340485204214874112,2197,1,4
53,863912024172847105,3,,"PlayerDraftPickMetadata(first_name='Jaylen', injury_status=<InjuryStatus.QUESTIONABLE: 'QUESTIONABLE'>, last_name='Waddle', news_updated='1662096946002', number='17', player_id='7526', position=<NFLPosition.WR: 'WR'>, sport=<Sport.NFL: 'NFL'>, status=<NFLPlayerStatus.ACTIVE: 'ACTIVE'>, team=<NFLTeam.MIA: 'MIA'>)",54,605249638039109632,7526,5,4
54,863912024172847105,2,,"PlayerDraftPickMetadata(first_name='Clyde', injury_status=<InjuryStatus.NA: 'NA'>, last_name='Edwards-Helaire', news_updated='1662216921851', number='25', player_id='6820', position=<NFLPosition.RB: 'RB'>, sport=<Sport.NFL: 'NFL'>, status=<NFLPlayerStatus.ACTIVE: 'ACTIVE'>, team=<NFLTeam.KC: 'KC'>)",55,605279643485933568,6820,9,4
55,863912024172847105,1,,"PlayerDraftPickMetadata(first_name='Elijah', injury_status=<InjuryStatus.QUESTIONABLE: 'QUESTIONABLE'>, last_name='Mitchell', news_updated='1661717108005', number='25', player_id='7561', position=<NFLPosition.RB: 'RB'>, sport=<Sport.NFL: 'NFL'>, status=<NFLPlayerStatus.ACTIVE: 'ACTIVE'>, team=<NFLTeam.SF: 'SF'>)",56,455204806886158336,7561,14,4
56,863912024172847105,1,,"PlayerDraftPickMetadata(first_name='Amon-Ra', injury_status=<InjuryStatus.NA: 'NA'>, last_name='St. Brown', news_updated='1661750149621', number='14', player_id='7547', position=<NFLPosition.WR: 'WR'>, sport=<Sport.NFL: 'NFL'>, status=<NFLPlayerStatus.ACTIVE: 'ACTIVE'>, team=<NFLTeam.DET: 'DET'>)",57,455204806886158336,7547,14,5
57,863912024172847105,2,,"PlayerDraftPickMetadata(first_name='Allen', injury_status=<InjuryStatus.NA: 'NA'>, last_name='Robinson', news_updated='1661805653457', number='1', player_id='1992', position=<NFLPosition.WR: 'WR'>, sport=<Sport.NFL: 'NFL'>, status=<NFLPlayerStatus.ACTIVE: 'ACTIVE'>, team=<NFLTeam.LAR: 'LAR'>)",58,605279643485933568,1992,9,5
58,863912024172847105,3,,"PlayerDraftPickMetadata(first_name='DK', injury_status=<InjuryStatus.NA: 'NA'>, last_name='Metcalf', news_updated='1661635258156', number='14', player_id='5846', position=<NFLPosition.WR: 'WR'>, sport=<Sport.NFL: 'NFL'>, status=<NFLPlayerStatus.ACTIVE: 'ACTIVE'>, team=<NFLTeam.SEA: 'SEA'>)",59,605249638039109632,5846,5,5
59,863912024172847105,4,,"PlayerDraftPickMetadata(first_name='Kyler', injury_status=<InjuryStatus.NA: 'NA'>, last_name='Murray', news_updated='1661654461176', number='1', player_id='5849', position=<NFLPosition.QB: 'QB'>, sport=<Sport.NFL: 'NFL'>, status=<NFLPlayerStatus.ACTIVE: 'ACTIVE'>, team=<NFLTeam.ARI: 'ARI'>)",60,340485204214874112,5849,1,5
60,863912024172847105,5,,"PlayerDraftPickMetadata(first_name='Joe', injury_status=<InjuryStatus.QUESTIONABLE: 'QUESTIONABLE'>, last_name='Burrow', news_updated='1661379351154', number='9', player_id='6770', position=<NFLPosition.QB: 'QB'>, sport=<Sport.NFL: 'NFL'>, status=<NFLPlayerStatus.ACTIVE: 'ACTIVE'>, team=<NFLTeam.CIN: 'CIN'>)",61,618292946139164672,6770,12,5
61,863912024172847105,6,,"PlayerDraftPickMetadata(first_name='Michael', injury_status=<InjuryStatus.QUESTIONABLE: 'QUESTIONABLE'>, last_name='Thomas', news_updated='1662041157314', number='13', player_id='3199', position=<NFLPosition.WR: 'WR'>, sport=<Sport.NFL: 'NFL'>, status=<NFLPlayerStatus.ACTIVE: 'ACTIVE'>, team=<NFLTeam.NO: 'NO'>)",62,605445447401689088,3199,6,5
62,863912024172847105,7,,"PlayerDraftPickMetadata(first_name='Chris', injury_status=<InjuryStatus.QUESTIONABLE: 'QUESTIONABLE'>, last_name='Godwin', news_updated='1661634958141', number='14', player_id='4037', position=<NFLPosition.WR: 'WR'>, sport=<Sport.NFL: 'NFL'>, status=<NFLPlayerStatus.ACTIVE: 'ACTIVE'>, team=<NFLTeam.TB: 'TB'>)",63,869626839986032640,4037,8,5
63,863912024172847105,8,,"PlayerDraftPickMetadata(first_name='Adam', injury_status=<InjuryStatus.NA: 'NA'>, last_name='Thielen', news_updated='1661644559433', number='19', player_id='1689', position=<NFLPosition.WR: 'WR'>, sport=<Sport.NFL: 'NFL'>, status=<NFLPlayerStatus.ACTIVE: 'ACTIVE'>, team=<NFLTeam.MIN: 'MIN'>)",64,605254631701970944,1689,13,5
64,863912024172847105,9,,"PlayerDraftPickMetadata(first_name='JuJu', injury_status=<InjuryStatus.NA: 'NA'>, last_name='Smith-Schuster', news_updated='1661799946543', number='9', player_id='4040', position=<NFLPosition.WR: 'WR'>, sport=<Sport.NFL: 'NFL'>, status=<NFLPlayerStatus.ACTIVE: 'ACTIVE'>, team=<NFLTeam.KC: 'KC'>)",65,605176209256583168,4040,3,5
65,863912024172847105,10,,"PlayerDraftPickMetadata(first_name='AJ', injury_status=<InjuryStatus.NA: 'NA'>, last_name='Dillon', news_updated='1661515807242', number='28', player_id='6828', position=<NFLPosition.RB: 'RB'>, sport=<Sport.NFL: 'NFL'>, status=<NFLPlayerStatus.ACTIVE: 'ACTIVE'>, team=<NFLTeam.GB: 'GB'>)",66,605180610515898368,6828,4,5
66,863912024172847105,11,,"PlayerDraftPickMetadata(first_name='Gabe', injury_status=<InjuryStatus.NA: 'NA'>, last_name='Davis', news_updated='1661790946085', number='13', player_id='6943', position=<NFLPosition.WR: 'WR'>, sport=<Sport.NFL: 'NFL'>, status=<NFLPlayerStatus.ACTIVE: 'ACTIVE'>, team=<NFLTeam.BUF: 'BUF'>)",67,737782444484370432,6943,10,5
67,863912024172847105,12,,"PlayerDraftPickMetadata(first_name='Marquise', injury_status=<InjuryStatus.NA: 'NA'>, last_name='Brown', news_updated='1661653861258', number='2', player_id='5848', position=<NFLPosition.WR: 'WR'>, sport=<Sport.NFL: 'NFL'>, status=<NFLPlayerStatus.ACTIVE: 'ACTIVE'>, team=<NFLTeam.ARI: 'ARI'>)",68,605263942515773440,5848,7,5
68,863912024172847105,13,,"PlayerDraftPickMetadata(first_name='Jalen', injury_status=<InjuryStatus.NA: 'NA'>, last_name='Hurts', news_updated='1661708107909', number='1', player_id='6904', position=<NFLPosition.QB: 'QB'>, sport=<Sport.NFL: 'NFL'>, status=<NFLPlayerStatus.ACTIVE: 'ACTIVE'>, team=<NFLTeam.PHI: 'PHI'>)",69,605175435638145024,6904,2,5
69,863912024172847105,14,,"PlayerDraftPickMetadata(first_name='Amari', injury_status=<InjuryStatus.NA: 'NA'>, last_name='Cooper', news_updated='1661660461368', number='2', player_id='2309', position=<NFLPosition.WR: 'WR'>, sport=<Sport.NFL: 'NFL'>, status=<NFLPlayerStatus.ACTIVE: 'ACTIVE'>, team=<NFLTeam.CLE: 'CLE'>)",70,605266609971470336,2309,11,5
70,863912024172847105,14,,"PlayerDraftPickMetadata(first_name='Tom', injury_status=<InjuryStatus.NA: 'NA'>, last_name='Brady', news_updated='1662305443367', number='12', player_id='167', position=<NFLPosition.QB: 'QB'>, sport=<Sport.NFL: 'NFL'>, status=<NFLPlayerStatus.ACTIVE: 'ACTIVE'>, team=<NFLTeam.TB: 'TB'>)",71,605266609971470336,167,11,6
71,863912024172847105,13,,"PlayerDraftPickMetadata(first_name='Damien', injury_status=<InjuryStatus.NA: 'NA'>, last_name='Harris', news_updated='1661793346915', number='37', player_id='5890', position=<NFLPosition.RB: 'RB'>, sport=<Sport.NFL: 'NFL'>, status=<NFLPlayerStatus.ACTIVE: 'ACTIVE'>, team=<NFLTeam.NE: 'NE'>)",72,605175435638145024,5890,2,6
72,863912024172847105,12,,"PlayerDraftPickMetadata(first_name='Miles', injury_status=<InjuryStatus.QUESTIONABLE: 'QUESTIONABLE'>, last_name='Sanders', news_updated='1662131149840', number='26', player_id='6151', position=<NFLPosition.RB: 'RB'>, sport=<Sport.NFL: 'NFL'>, status=<NFLPlayerStatus.ACTIVE: 'ACTIVE'>, team=<NFLTeam.PHI: 'PHI'>)",73,605263942515773440,6151,7,6
73,863912024172847105,11,,"PlayerDraftPickMetadata(first_name='T.J.', injury_status=<InjuryStatus.NA: 'NA'>, last_name='Hockenson', news_updated='1661750448951', number='88', player_id='5844', position=<NFLPosition.TE: 'TE'>, sport=<Sport.NFL: 'NFL'>, status=<NFLPlayerStatus.ACTIVE: 'ACTIVE'>, team=<NFLTeam.DET: 'DET'>)",74,737782444484370432,5844,10,6
74,863912024172847105,10,,"PlayerDraftPickMetadata(first_name='Darnell', injury_status=<InjuryStatus.NA: 'NA'>, last_name='Mooney', news_updated='1661692205643', number='11', player_id='7090', position=<NFLPosition.WR: 'WR'>, sport=<Sport.NFL: 'NFL'>, status=<NFLPlayerStatus.ACTIVE: 'ACTIVE'>, team=<NFLTeam.CHI: 'CHI'>)",75,605180610515898368,7090,4,6
75,863912024172847105,9,,"PlayerDraftPickMetadata(first_name='Devin', injury_status=<InjuryStatus.NA: 'NA'>, last_name='Singletary', news_updated='1661575215947', number='26', player_id='6130', position=<NFLPosition.RB: 'RB'>, sport=<Sport.NFL: 'NFL'>, status=<NFLPlayerStatus.ACTIVE: 'ACTIVE'>, team=<NFLTeam.BUF: 'BUF'>)",76,605176209256583168,6130,3,6
76,863912024172847105,8,,"PlayerDraftPickMetadata(first_name='Russell', injury_status=<InjuryStatus.NA: 'NA'>, last_name='Wilson', news_updated='1662037857626', number='3', player_id='1234', position=<NFLPosition.QB: 'QB'>, sport=<Sport.NFL: 'NFL'>, status=<NFLPlayerStatus.ACTIVE: 'ACTIVE'>, team=<NFLTeam.DEN: 'DEN'>)",77,605254631701970944,1234,13,6
77,863912024172847105,7,,"PlayerDraftPickMetadata(first_name='Chase', injury_status=<InjuryStatus.NA: 'NA'>, last_name='Edmonds', news_updated='1661678103925', number='2', player_id='5000', position=<NFLPosition.RB: 'RB'>, sport=<Sport.NFL: 'NFL'>, status=<NFLPlayerStatus.ACTIVE: 'ACTIVE'>, team=<NFLTeam.MIA: 'MIA'>)",78,869626839986032640,5000,8,6
78,863912024172847105,6,,"PlayerDraftPickMetadata(first_name='Cordarrelle', injury_status=<InjuryStatus.NA: 'NA'>, last_name='Patterson', news_updated='1661625656690', number='84', player_id='1535', position=<NFLPosition.RB: 'RB'>, sport=<Sport.NFL: 'NFL'>, status=<NFLPlayerStatus.ACTIVE: 'ACTIVE'>, team=<NFLTeam.ATL: 'ATL'>)",79,605445447401689088,1535,6,6
79,863912024172847105,5,,"PlayerDraftPickMetadata(first_name='Kareem', injury_status=<InjuryStatus.NA: 'NA'>, last_name='Hunt', news_updated='1661659860883', number='27', player_id='4098', position=<NFLPosition.RB: 'RB'>, sport=<Sport.NFL: 'NFL'>, status=<NFLPlayerStatus.ACTIVE: 'ACTIVE'>, team=<NFLTeam.CLE: 'CLE'>)",80,618292946139164672,4098,12,6
80,863912024172847105,4,,"PlayerDraftPickMetadata(first_name='Dallas', injury_status=<InjuryStatus.NA: 'NA'>, last_name='Goedert', news_updated='1661708107903', number='88', player_id='5022', position=<NFLPosition.TE: 'TE'>, sport=<Sport.NFL: 'NFL'>, status=<NFLPlayerStatus.ACTIVE: 'ACTIVE'>, team=<NFLTeam.PHI: 'PHI'>)",81,340485204214874112,5022,1,6
81,863912024172847105,3,,"PlayerDraftPickMetadata(first_name='Dawson', injury_status=<InjuryStatus.NA: 'NA'>, last_name='Knox', news_updated='1661616356358', number='88', player_id='5906', position=<NFLPosition.TE: 'TE'>, sport=<Sport.NFL: 'NFL'>, status=<NFLPlayerStatus.ACTIVE: 'ACTIVE'>, team=<NFLTeam.BUF: 'BUF'>)",82,605249638039109632,5906,5,6
82,863912024172847105,2,,"PlayerDraftPickMetadata(first_name='Aaron', injury_status=<InjuryStatus.NA: 'NA'>, last_name='Rodgers', news_updated='1661516707549', number='12', player_id='96', position=<NFLPosition.QB: 'QB'>, sport=<Sport.NFL: 'NFL'>, status=<NFLPlayerStatus.ACTIVE: 'ACTIVE'>, team=<NFLTeam.GB: 'GB'>)",83,605279643485933568,96,9,6
83,863912024172847105,1,,"PlayerDraftPickMetadata(first_name='Rashod', injury_status=<InjuryStatus.NA: 'NA'>, last_name='Bateman', news_updated='1661640358927', number='7', player_id='7571', position=<NFLPosition.WR: 'WR'>, sport=<Sport.NFL: 'NFL'>, status=<NFLPlayerStatus.ACTIVE: 'ACTIVE'>, team=<NFLTeam.BAL: 'BAL'>)",84,455204806886158336,7571,14,6
84,863912024172847105,1,,"PlayerDraftPickMetadata(first_name='Mike', injury_status=<InjuryStatus.NA: 'NA'>, last_name='Gesicki', news_updated='1661962211045', number='88', player_id='4993', position=<NFLPosition.TE: 'TE'>, sport=<Sport.NFL: 'NFL'>, status=<NFLPlayerStatus.ACTIVE: 'ACTIVE'>, team=<NFLTeam.MIA: 'MIA'>)",85,455204806886158336,4993,14,7
85,863912024172847105,2,,"PlayerDraftPickMetadata(first_name='DeAndre', injury_status=<InjuryStatus.SUS: 'SUS'>, last_name='Hopkins', news_updated='1660701620312', number='10', player_id='1426', position=<NFLPosition.WR: 'WR'>, sport=<Sport.NFL: 'NFL'>, status=<NFLPlayerStatus.INACTIVE: 'INACTIVE'>, team=<NFLTeam.ARI: 'ARI'>)",86,605279643485933568,1426,9,7
86,863912024172847105,3,,"PlayerDraftPickMetadata(first_name='Buffalo', injury_status=<InjuryStatus.NA: 'NA'>, last_name='Bills', news_updated='', number='', player_id='BUF', position=<NFLPosition.DEF: 'DEF'>, sport=<Sport.NFL: 'NFL'>, status=None, team=<NFLTeam.BUF: 'BUF'>)",87,605249638039109632,BUF,5,7
87,863912024172847105,4,,"PlayerDraftPickMetadata(first_name='Christian', injury_status=<InjuryStatus.NA: 'NA'>, last_name='Kirk', news_updated='1661684704591', number='13', player_id='4950', position=<NFLPosition.WR: 'WR'>, sport=<Sport.NFL: 'NFL'>, status=<NFLPlayerStatus.ACTIVE: 'ACTIVE'>, team=<NFLTeam.JAX: 'JAX'>)",88,340485204214874112,4950,1,7
88,863912024172847105,5,,"PlayerDraftPickMetadata(first_name='Tony', injury_status=<InjuryStatus.NA: 'NA'>, last_name='Pollard', news_updated='1661551811519', number='20', player_id='5967', position=<NFLPosition.RB: 'RB'>, sport=<Sport.NFL: 'NFL'>, status=<NFLPlayerStatus.ACTIVE: 'ACTIVE'>, team=<NFLTeam.DAL: 'DAL'>)",89,618292946139164672,5967,12,7
89,863912024172847105,6,,"PlayerDraftPickMetadata(first_name='Zach', injury_status=<InjuryStatus.QUESTIONABLE: 'QUESTIONABLE'>, last_name='Ertz', news_updated='1661972139433', number='86', player_id='1339', position=<NFLPosition.TE: 'TE'>, sport=<Sport.NFL: 'NFL'>, status=<NFLPlayerStatus.ACTIVE: 'ACTIVE'>, team=<NFLTeam.ARI: 'ARI'>)",90,605445447401689088,1339,6,7
90,863912024172847105,7,,"PlayerDraftPickMetadata(first_name='Allen', injury_status=<InjuryStatus.NA: 'NA'>, last_name='Lazard', news_updated='1662216021829', number='13', player_id='5185', position=<NFLPosition.WR: 'WR'>, sport=<Sport.NFL: 'NFL'>, status=<NFLPlayerStatus.ACTIVE: 'ACTIVE'>, team=<NFLTeam.GB: 'GB'>)",91,869626839986032640,5185,8,7
91,863912024172847105,8,,"PlayerDraftPickMetadata(first_name='Kenneth', injury_status=<InjuryStatus.QUESTIONABLE: 'QUESTIONABLE'>, last_name='Walker', news_updated='1661907054962', number='9', player_id='8151', position=<NFLPosition.RB: 'RB'>, sport=<Sport.NFL: 'NFL'>, status=<NFLPlayerStatus.ACTIVE: 'ACTIVE'>, team=<NFLTeam.SEA: 'SEA'>)",92,605254631701970944,8151,13,7
92,863912024172847105,9,,"PlayerDraftPickMetadata(first_name='DeVonta', injury_status=<InjuryStatus.NA: 'NA'>, last_name='Smith', news_updated='1661708407492', number='6', player_id='7525', position=<NFLPosition.WR: 'WR'>, sport=<Sport.NFL: 'NFL'>, status=<NFLPlayerStatus.ACTIVE: 'ACTIVE'>, team=<NFLTeam.PHI: 'PHI'>)",93,605176209256583168,7525,3,7
93,863912024172847105,10,,"PlayerDraftPickMetadata(first_name='Dak', injury_status=<InjuryStatus.NA: 'NA'>, last_name='Prescott', news_updated='1661535309568', number='4', player_id='3294', position=<NFLPosition.QB: 'QB'>, sport=<Sport.NFL: 'NFL'>, status=<NFLPlayerStatus.ACTIVE: 'ACTIVE'>, team=<NFLTeam.DAL: 'DAL'>)",94,605180610515898368,3294,4,7
94,863912024172847105,11,,"PlayerDraftPickMetadata(first_name='Rashaad', injury_status=<InjuryStatus.NA: 'NA'>, last_name='Penny', news_updated='1662158414109', number='20', player_id='4985', position=<NFLPosition.RB: 'RB'>, sport=<Sport.NFL: 'NFL'>, status=<NFLPlayerStatus.ACTIVE: 'ACTIVE'>, team=<NFLTeam.SEA: 'SEA'>)",95,737782444484370432,4985,10,7
95,863912024172847105,12,,"PlayerDraftPickMetadata(first_name='Trey', injury_status=<InjuryStatus.NA: 'NA'>, last_name='Lance', news_updated='1661814312284', number='5', player_id='7610', position=<NFLPosition.QB: 'QB'>, sport=<Sport.NFL: 'NFL'>, status=<NFLPlayerStatus.ACTIVE: 'ACTIVE'>, team=<NFLTeam.SF: 'SF'>)",96,605263942515773440,7610,7,7
96,863912024172847105,13,,"PlayerDraftPickMetadata(first_name='Hunter', injury_status=<InjuryStatus.NA: 'NA'>, last_name='Renfrow', news_updated='1661571015371', number='13', player_id='5955', position=<NFLPosition.WR: 'WR'>, sport=<Sport.NFL: 'NFL'>, status=<NFLPlayerStatus.ACTIVE: 'ACTIVE'>, team=<NFLTeam.LV: 'LV'>)",97,605175435638145024,5955,2,7
97,863912024172847105,14,,"PlayerDraftPickMetadata(first_name='Rhamondre', injury_status=<InjuryStatus.NA: 'NA'>, last_name='Stevenson', news_updated='1661783109581', number='38', player_id='7611', position=<NFLPosition.RB: 'RB'>, sport=<Sport.NFL: 'NFL'>, status=<NFLPlayerStatus.ACTIVE: 'ACTIVE'>, team=<NFLTeam.NE: 'NE'>)",98,605266609971470336,7611,11,7
98,863912024172847105,14,,"PlayerDraftPickMetadata(first_name='Brandon', injury_status=<InjuryStatus.NA: 'NA'>, last_name='Aiyuk', news_updated='1661485202628', number='11', player_id='6803', position=<NFLPosition.WR: 'WR'>, sport=<Sport.NFL: 'NFL'>, status=<NFLPlayerStatus.ACTIVE: 'ACTIVE'>, team=<NFLTeam.SF: 'SF'>)",99,605266609971470336,6803,11,8
99,863912024172847105,13,,"PlayerDraftPickMetadata(first_name='Pat', injury_status=<InjuryStatus.NA: 'NA'>, last_name='Freiermuth', news_updated='1661738116519', number='88', player_id='7600', position=<NFLPosition.TE: 'TE'>, sport=<Sport.NFL: 'NFL'>, status=<NFLPlayerStatus.ACTIVE: 'ACTIVE'>, team=<NFLTeam.PIT: 'PIT'>)",100,605175435638145024,7600,2,8
100,863912024172847105,12,,"PlayerDraftPickMetadata(first_name='Elijah', injury_status=<InjuryStatus.NA: 'NA'>, last_name='Moore', news_updated='1661773509616', number='8', player_id='7596', position=<NFLPosition.WR: 'WR'>, sport=<Sport.NFL: 'NFL'>, status=<NFLPlayerStatus.ACTIVE: 'ACTIVE'>, team=<NFLTeam.NYJ: 'NYJ'>)",101,605263942515773440,7596,7,8
101,863912024172847105,11,,"PlayerDraftPickMetadata(first_name='Matthew', injury_status=<InjuryStatus.NA: 'NA'>, last_name='Stafford', news_updated='1662331254541', number='9', player_id='421', position=<NFLPosition.QB: 'QB'>, sport=<Sport.NFL: 'NFL'>, status=<NFLPlayerStatus.ACTIVE: 'ACTIVE'>, team=<NFLTeam.LAR: 'LAR'>)",102,737782444484370432,421,10,8
102,863912024172847105,10,,"PlayerDraftPickMetadata(first_name='Drake', injury_status=<InjuryStatus.QUESTIONABLE: 'QUESTIONABLE'>, last_name='London', news_updated='1662014419671', number='5', player_id='8112', position=<NFLPosition.WR: 'WR'>, sport=<Sport.NFL: 'NFL'>, status=<NFLPlayerStatus.ACTIVE: 'ACTIVE'>, team=<NFLTeam.ATL: 'ATL'>)",103,605180610515898368,8112,4,8
103,863912024172847105,9,,"PlayerDraftPickMetadata(first_name='Dameon', injury_status=<InjuryStatus.NA: 'NA'>, last_name='Pierce', news_updated='1661885411784', number='31', player_id='8129', position=<NFLPosition.RB: 'RB'>, sport=<Sport.NFL: 'NFL'>, status=<NFLPlayerStatus.ACTIVE: 'ACTIVE'>, team=<NFLTeam.HOU: 'HOU'>)",104,605176209256583168,8129,3,8
104,863912024172847105,8,,"PlayerDraftPickMetadata(first_name='Cole', injury_status=<InjuryStatus.NA: 'NA'>, last_name='Kmet', news_updated='1661721944246', number='85', player_id='6826', position=<NFLPosition.TE: 'TE'>, sport=<Sport.NFL: 'NFL'>, status=<NFLPlayerStatus.ACTIVE: 'ACTIVE'>, team=<NFLTeam.CHI: 'CHI'>)",105,605254631701970944,6826,13,8
105,863912024172847105,7,,"PlayerDraftPickMetadata(first_name='Melvin', injury_status=<InjuryStatus.NA: 'NA'>, last_name='Gordon', news_updated='1662317444703', number='25', player_id='2320', position=<NFLPosition.RB: 'RB'>, sport=<Sport.NFL: 'NFL'>, status=<NFLPlayerStatus.ACTIVE: 'ACTIVE'>, team=<NFLTeam.DEN: 'DEN'>)",106,869626839986032640,2320,8,8
106,863912024172847105,6,,"PlayerDraftPickMetadata(first_name='Chris', injury_status=<InjuryStatus.NA: 'NA'>, last_name='Olave', news_updated='1661576115496', number='12', player_id='8144', position=<NFLPosition.WR: 'WR'>, sport=<Sport.NFL: 'NFL'>, status=<NFLPlayerStatus.ACTIVE: 'ACTIVE'>, team=<NFLTeam.NO: 'NO'>)",107,605445447401689088,8144,6,8
107,863912024172847105,5,,"PlayerDraftPickMetadata(first_name='Tyler', injury_status=<InjuryStatus.NA: 'NA'>, last_name='Lockett', news_updated='1661599219390', number='16', player_id='2374', position=<NFLPosition.WR: 'WR'>, sport=<Sport.NFL: 'NFL'>, status=<NFLPlayerStatus.ACTIVE: 'ACTIVE'>, team=<NFLTeam.SEA: 'SEA'>)",108,618292946139164672,2374,12,8
108,863912024172847105,4,,"PlayerDraftPickMetadata(first_name='James', injury_status=<InjuryStatus.NA: 'NA'>, last_name='Cook', news_updated='1661616956272', number='28', player_id='8138', position=<NFLPosition.RB: 'RB'>, sport=<Sport.NFL: 'NFL'>, status=<NFLPlayerStatus.ACTIVE: 'ACTIVE'>, team=<NFLTeam.BUF: 'BUF'>)",109,340485204214874112,8138,1,8
109,863912024172847105,3,,"PlayerDraftPickMetadata(first_name='Marquez', injury_status=<InjuryStatus.NA: 'NA'>, last_name='Valdes-Scantling', news_updated='1661797246465', number='11', player_id='5086', position=<NFLPosition.WR: 'WR'>, sport=<Sport.NFL: 'NFL'>, status=<NFLPlayerStatus.ACTIVE: 'ACTIVE'>, team=<NFLTeam.KC: 'KC'>)",110,605249638039109632,5086,5,8
110,863912024172847105,2,,"PlayerDraftPickMetadata(first_name='James', injury_status=<InjuryStatus.QUESTIONABLE: 'QUESTIONABLE'>, last_name='Robinson', news_updated='1661454304527', number='25', player_id='6955', position=<NFLPosition.RB: 'RB'>, sport=<Sport.NFL: 'NFL'>, status=<NFLPlayerStatus.ACTIVE: 'ACTIVE'>, team=<NFLTeam.JAX: 'JAX'>)",111,605279643485933568,6955,9,8
111,863912024172847105,1,,"PlayerDraftPickMetadata(first_name='Robert', injury_status=<InjuryStatus.NA: 'NA'>, last_name='Woods', news_updated='1662159314255', number='2', player_id='1352', position=<NFLPosition.WR: 'WR'>, sport=<Sport.NFL: 'NFL'>, status=<NFLPlayerStatus.ACTIVE: 'ACTIVE'>, team=<NFLTeam.TEN: 'TEN'>)",112,455204806886158336,1352,14,8
112,863912024172847105,1,,"PlayerDraftPickMetadata(first_name='Alexander', injury_status=<InjuryStatus.NA: 'NA'>, last_name='Mattison', news_updated='1661798447402', number='2', player_id='5987', position=<NFLPosition.RB: 'RB'>, sport=<Sport.NFL: 'NFL'>, status=<NFLPlayerStatus.ACTIVE: 'ACTIVE'>, team=<NFLTeam.MIN: 'MIN'>)",113,455204806886158336,5987,14,9
113,863912024172847105,2,,"PlayerDraftPickMetadata(first_name='Chase', injury_status=<InjuryStatus.NA: 'NA'>, last_name='Claypool', news_updated='1662157814270', number='11', player_id='6886', position=<NFLPosition.WR: 'WR'>, sport=<Sport.NFL: 'NFL'>, status=<NFLPlayerStatus.ACTIVE: 'ACTIVE'>, team=<NFLTeam.PIT: 'PIT'>)",114,605279643485933568,6886,9,9
114,863912024172847105,3,,"PlayerDraftPickMetadata(first_name='Justin', injury_status=<InjuryStatus.NA: 'NA'>, last_name='Tucker', news_updated='1661195407916', number='9', player_id='1264', position=<NFLPosition.K: 'K'>, sport=<Sport.NFL: 'NFL'>, status=<NFLPlayerStatus.ACTIVE: 'ACTIVE'>, team=<NFLTeam.BAL: 'BAL'>)",115,605249638039109632,1264,5,9
115,863912024172847105,4,,"PlayerDraftPickMetadata(first_name='Kadarius', injury_status=<InjuryStatus.QUESTIONABLE: 'QUESTIONABLE'>, last_name='Toney', news_updated='1662130549552', number='89', player_id='7606', position=<NFLPosition.WR: 'WR'>, sport=<Sport.NFL: 'NFL'>, status=<NFLPlayerStatus.ACTIVE: 'ACTIVE'>, team=<NFLTeam.NYG: 'NYG'>)",116,340485204214874112,7606,1,9
116,863912024172847105,5,,"PlayerDraftPickMetadata(first_name='Los Angeles', injury_status=<InjuryStatus.NA: 'NA'>, last_name='Rams', news_updated='', number='', player_id='LAR', position=<NFLPosition.DEF: 'DEF'>, sport=<Sport.NFL: 'NFL'>, status=None, team=<NFLTeam.LAR: 'LAR'>)",117,618292946139164672,LAR,12,9
117,863912024172847105,6,,"PlayerDraftPickMetadata(first_name='Michael', injury_status=<InjuryStatus.NA: 'NA'>, last_name='Carter', news_updated='1661784309897', number='32', player_id='7607', position=<NFLPosition.RB: 'RB'>, sport=<Sport.NFL: 'NFL'>, status=<NFLPlayerStatus.ACTIVE: 'ACTIVE'>, team=<NFLTeam.NYJ: 'NYJ'>)",118,605445447401689088,7607,6,9
118,863912024172847105,7,,"PlayerDraftPickMetadata(first_name='Darrell', injury_status=<InjuryStatus.NA: 'NA'>, last_name='Henderson', news_updated='1662156914051', number='27', player_id='5916', position=<NFLPosition.RB: 'RB'>, sport=<Sport.NFL: 'NFL'>, status=<NFLPlayerStatus.ACTIVE: 'ACTIVE'>, team=<NFLTeam.LAR: 'LAR'>)",119,869626839986032640,5916,8,9
119,863912024172847105,8,,"PlayerDraftPickMetadata(first_name='Treylon', injury_status=<InjuryStatus.NA: 'NA'>, last_name='Burks', news_updated='1661657760806', number='16', player_id='8135', position=<NFLPosition.WR: 'WR'>, sport=<Sport.NFL: 'NFL'>, status=<NFLPlayerStatus.ACTIVE: 'ACTIVE'>, team=<NFLTeam.TEN: 'TEN'>)",120,605254631701970944,8135,13,9
120,863912024172847105,9,,"PlayerDraftPickMetadata(first_name='Isaiah', injury_status=<InjuryStatus.NA: 'NA'>, last_name='Spiller', news_updated='1661914854048', number='28', player_id='8153', position=<NFLPosition.RB: 'RB'>, sport=<Sport.NFL: 'NFL'>, status=<NFLPlayerStatus.ACTIVE: 'ACTIVE'>, team=<NFLTeam.LAC: 'LAC'>)",121,605176209256583168,8153,3,9
121,863912024172847105,10,,"PlayerDraftPickMetadata(first_name='Tampa Bay', injury_status=<InjuryStatus.NA: 'NA'>, last_name='Buccaneers', news_updated='', number='', player_id='TB', position=<NFLPosition.DEF: 'DEF'>, sport=<Sport.NFL: 'NFL'>, status=None, team=<NFLTeam.TB: 'TB'>)",122,605180610515898368,TB,4,9
122,863912024172847105,11,,"PlayerDraftPickMetadata(first_name='Garrett', injury_status=<InjuryStatus.NA: 'NA'>, last_name='Wilson', news_updated='1661785509815', number='17', player_id='8146', position=<NFLPosition.WR: 'WR'>, sport=<Sport.NFL: 'NFL'>, status=<NFLPlayerStatus.ACTIVE: 'ACTIVE'>, team=<NFLTeam.NYJ: 'NYJ'>)",123,737782444484370432,8146,10,9
123,863912024172847105,12,,"PlayerDraftPickMetadata(first_name='Skyy', injury_status=<InjuryStatus.NA: 'NA'>, last_name='Moore', news_updated='1661491203138', number='24', player_id='8168', position=<NFLPosition.WR: 'WR'>, sport=<Sport.NFL: 'NFL'>, status=<NFLPlayerStatus.ACTIVE: 'ACTIVE'>, team=<NFLTeam.KC: 'KC'>)",124,605263942515773440,8168,7,9
124,863912024172847105,13,,"PlayerDraftPickMetadata(first_name='Nyheim', injury_status=<InjuryStatus.NA: 'NA'>, last_name='Hines', news_updated='1662318346450', number='21', player_id='5347', position=<NFLPosition.RB: 'RB'>, sport=<Sport.NFL: 'NFL'>, status=<NFLPlayerStatus.ACTIVE: 'ACTIVE'>, team=<NFLTeam.IND: 'IND'>)",125,605175435638145024,5347,2,9
125,863912024172847105,14,,"PlayerDraftPickMetadata(first_name='Kenneth', injury_status=<InjuryStatus.NA: 'NA'>, last_name='Gainwell', news_updated='1661708707838', number='14', player_id='7567', position=<NFLPosition.RB: 'RB'>, sport=<Sport.NFL: 'NFL'>, status=<NFLPlayerStatus.ACTIVE: 'ACTIVE'>, team=<NFLTeam.PHI: 'PHI'>)",126,605266609971470336,7567,11,9
126,863912024172847105,14,,"PlayerDraftPickMetadata(first_name='George', injury_status=<InjuryStatus.NA: 'NA'>, last_name='Pickens', news_updated='1661738116524', number='14', player_id='8137', position=<NFLPosition.WR: 'WR'>, sport=<Sport.NFL: 'NFL'>, status=<NFLPlayerStatus.ACTIVE: 'ACTIVE'>, team=<NFLTeam.PIT: 'PIT'>)",127,605266609971470336,8137,11,10
127,863912024172847105,13,,"PlayerDraftPickMetadata(first_name='Dallas', injury_status=<InjuryStatus.NA: 'NA'>, last_name='Cowboys', news_updated='', number='', player_id='DAL', position=<NFLPosition.DEF: 'DEF'>, sport=<Sport.NFL: 'NFL'>, status=None, team=<NFLTeam.DAL: 'DAL'>)",128,605175435638145024,DAL,2,10
128,863912024172847105,12,,"PlayerDraftPickMetadata(first_name='Derek', injury_status=<InjuryStatus.NA: 'NA'>, last_name='Carr', news_updated='1662216921851', number='4', player_id='2028', position=<NFLPosition.QB: 'QB'>, sport=<Sport.NFL: 'NFL'>, status=<NFLPlayerStatus.ACTIVE: 'ACTIVE'>, team=<NFLTeam.LV: 'LV'>)",129,605263942515773440,2028,7,10
129,863912024172847105,11,,"PlayerDraftPickMetadata(first_name='Evan', injury_status=<InjuryStatus.NA: 'NA'>, last_name='McPherson', news_updated='1661648760498', number='2', player_id='7839', position=<NFLPosition.K: 'K'>, sport=<Sport.NFL: 'NFL'>, status=<NFLPlayerStatus.ACTIVE: 'ACTIVE'>, team=<NFLTeam.CIN: 'CIN'>)",130,737782444484370432,7839,10,10
130,863912024172847105,10,,"PlayerDraftPickMetadata(first_name='Tyler', injury_status=<InjuryStatus.NA: 'NA'>, last_name='Boyd', news_updated='1661161503752', number='83', player_id='3225', position=<NFLPosition.WR: 'WR'>, sport=<Sport.NFL: 'NFL'>, status=<NFLPlayerStatus.ACTIVE: 'ACTIVE'>, team=<NFLTeam.CIN: 'CIN'>)",131,605180610515898368,3225,4,10
131,863912024172847105,9,,"PlayerDraftPickMetadata(first_name='Romeo', injury_status=<InjuryStatus.NA: 'NA'>, last_name='Doubs', news_updated='1661488502943', number='87', player_id='8121', position=<NFLPosition.WR: 'WR'>, sport=<Sport.NFL: 'NFL'>, status=<NFLPlayerStatus.ACTIVE: 'ACTIVE'>, team=<NFLTeam.GB: 'GB'>)",132,605176209256583168,8121,3,10
132,863912024172847105,8,,"PlayerDraftPickMetadata(first_name='San Francisco', injury_status=<InjuryStatus.NA: 'NA'>, last_name='49ers', news_updated='', number='', player_id='SF', position=<NFLPosition.DEF: 'DEF'>, sport=<Sport.NFL: 'NFL'>, status=None, team=<NFLTeam.SF: 'SF'>)",133,605254631701970944,SF,13,10
133,863912024172847105,7,,"PlayerDraftPickMetadata(first_name='Julio', injury_status=<InjuryStatus.NA: 'NA'>, last_name='Jones', news_updated='1662158714419', number='85', player_id='947', position=<NFLPosition.WR: 'WR'>, sport=<Sport.NFL: 'NFL'>, status=<NFLPlayerStatus.ACTIVE: 'ACTIVE'>, team=<NFLTeam.TB: 'TB'>)",134,869626839986032640,947,8,10
134,863912024172847105,6,,"PlayerDraftPickMetadata(first_name='Kirk', injury_status=<InjuryStatus.NA: 'NA'>, last_name='Cousins', news_updated='1661644259440', number='8', player_id='1166', position=<NFLPosition.QB: 'QB'>, sport=<Sport.NFL: 'NFL'>, status=<NFLPlayerStatus.ACTIVE: 'ACTIVE'>, team=<NFLTeam.MIN: 'MIN'>)",135,605445447401689088,1166,6,10
135,863912024172847105,5,,"PlayerDraftPickMetadata(first_name='Tyler', injury_status=<InjuryStatus.NA: 'NA'>, last_name='Bass', news_updated='1661088624076', number='2', player_id='7042', position=<NFLPosition.K: 'K'>, sport=<Sport.NFL: 'NFL'>, status=<NFLPlayerStatus.ACTIVE: 'ACTIVE'>, team=<NFLTeam.BUF: 'BUF'>)",136,618292946139164672,7042,12,10
136,863912024172847105,4,,"PlayerDraftPickMetadata(first_name='Baltimore', injury_status=<InjuryStatus.NA: 'NA'>, last_name='Ravens', news_updated='', number='', player_id='BAL', position=<NFLPosition.DEF: 'DEF'>, sport=<Sport.NFL: 'NFL'>, status=None, team=<NFLTeam.BAL: 'BAL'>)",137,340485204214874112,BAL,1,10
137,863912024172847105,3,,"PlayerDraftPickMetadata(first_name='Brian', injury_status=<InjuryStatus.PUP: 'PUP'>, last_name='Robinson', news_updated='1662042915424', number='8', player_id='8154', position=<NFLPosition.RB: 'RB'>, sport=<Sport.NFL: 'NFL'>, status=<NFLPlayerStatus.ACTIVE: 'ACTIVE'>, team=<NFLTeam.WAS: 'WAS'>)",138,605249638039109632,8154,5,10
138,863912024172847105,2,,"PlayerDraftPickMetadata(first_name='Harrison', injury_status=<InjuryStatus.NA: 'NA'>, last_name='Butker', news_updated='1661485802424', number='7', player_id='4227', position=<NFLPosition.K: 'K'>, sport=<Sport.NFL: 'NFL'>, status=<NFLPlayerStatus.ACTIVE: 'ACTIVE'>, team=<NFLTeam.KC: 'KC'>)",139,605279643485933568,4227,9,10
139,863912024172847105,1,,"PlayerDraftPickMetadata(first_name='Michael', injury_status=<InjuryStatus.QUESTIONABLE: 'QUESTIONABLE'>, last_name='Gallup', news_updated='1662131749997', number='13', player_id='5038', position=<NFLPosition.WR: 'WR'>, sport=<Sport.NFL: 'NFL'>, status=<NFLPlayerStatus.ACTIVE: 'ACTIVE'>, team=<NFLTeam.DAL: 'DAL'>)",140,455204806886158336,5038,14,10
140,863912024172847105,1,,"PlayerDraftPickMetadata(first_name='Indianapolis', injury_status=<InjuryStatus.NA: 'NA'>, last_name='Colts', news_updated='', number='', player_id='IND', position=<NFLPosition.DEF: 'DEF'>, sport=<Sport.NFL: 'NFL'>, status=None, team=<NFLTeam.IND: 'IND'>)",141,455204806886158336,IND,14,11
141,863912024172847105,2,,"PlayerDraftPickMetadata(first_name='Los Angeles', injury_status=<InjuryStatus.NA: 'NA'>, last_name='Chargers', news_updated='', number='', player_id='LAC', position=<NFLPosition.DEF: 'DEF'>, sport=<Sport.NFL: 'NFL'>, status=None, team=<NFLTeam.LAC: 'LAC'>)",142,605279643485933568,LAC,9,11
142,863912024172847105,3,,"PlayerDraftPickMetadata(first_name='Hunter', injury_status=<InjuryStatus.NA: 'NA'>, last_name='Henry', news_updated='1661608853338', number='85', player_id='3214', position=<NFLPosition.TE: 'TE'>, sport=<Sport.NFL: 'NFL'>, status=<NFLPlayerStatus.ACTIVE: 'ACTIVE'>, team=<NFLTeam.NE: 'NE'>)",143,605249638039109632,3214,5,11
143,863912024172847105,4,,"PlayerDraftPickMetadata(first_name='Matt', injury_status=<InjuryStatus.NA: 'NA'>, last_name='Gay', news_updated='1661661361233', number='8', player_id='6083', position=<NFLPosition.K: 'K'>, sport=<Sport.NFL: 'NFL'>, status=<NFLPlayerStatus.ACTIVE: 'ACTIVE'>, team=<NFLTeam.LAR: 'LAR'>)",144,340485204214874112,6083,1,11
144,863912024172847105,5,,"PlayerDraftPickMetadata(first_name='DeVante', injury_status=<InjuryStatus.NA: 'NA'>, last_name='Parker', news_updated='1661610653692', number='1', player_id='2319', position=<NFLPosition.WR: 'WR'>, sport=<Sport.NFL: 'NFL'>, status=<NFLPlayerStatus.ACTIVE: 'ACTIVE'>, team=<NFLTeam.NE: 'NE'>)",145,618292946139164672,2319,12,11
145,863912024172847105,6,,"PlayerDraftPickMetadata(first_name='Jarvis', injury_status=<InjuryStatus.NA: 'NA'>, last_name='Landry', news_updated='1661574316061', number='80', player_id='1825', position=<NFLPosition.WR: 'WR'>, sport=<Sport.NFL: 'NFL'>, status=<NFLPlayerStatus.ACTIVE: 'ACTIVE'>, team=<NFLTeam.NO: 'NO'>)",146,605445447401689088,1825,6,11
146,863912024172847105,7,,"PlayerDraftPickMetadata(first_name='Tua', injury_status=<InjuryStatus.NA: 'NA'>, last_name='Tagovailoa', news_updated='1661676903697', number='1', player_id='6768', position=<NFLPosition.QB: 'QB'>, sport=<Sport.NFL: 'NFL'>, status=<NFLPlayerStatus.ACTIVE: 'ACTIVE'>, team=<NFLTeam.MIA: 'MIA'>)",147,869626839986032640,6768,8,11
147,863912024172847105,8,,"PlayerDraftPickMetadata(first_name='Daniel', injury_status=<InjuryStatus.NA: 'NA'>, last_name='Carlson', news_updated='1641912337130', number='2', player_id='5095', position=<NFLPosition.K: 'K'>, sport=<Sport.NFL: 'NFL'>, status=<NFLPlayerStatus.ACTIVE: 'ACTIVE'>, team=<NFLTeam.LV: 'LV'>)",148,605254631701970944,5095,13,11
148,863912024172847105,9,,"PlayerDraftPickMetadata(first_name='Trevor', injury_status=<InjuryStatus.NA: 'NA'>, last_name='Lawrence', news_updated='1661684104617', number='16', player_id='7523', position=<NFLPosition.QB: 'QB'>, sport=<Sport.NFL: 'NFL'>, status=<NFLPlayerStatus.ACTIVE: 'ACTIVE'>, team=<NFLTeam.JAX: 'JAX'>)",149,605176209256583168,7523,3,11
149,863912024172847105,10,,"PlayerDraftPickMetadata(first_name='Matt', injury_status=<InjuryStatus.NA: 'NA'>, last_name='Prater', news_updated='1661655361333', number='5', player_id='17', position=<NFLPosition.K: 'K'>, sport=<Sport.NFL: 'NFL'>, status=<NFLPlayerStatus.ACTIVE: 'ACTIVE'>, team=<NFLTeam.ARI: 'ARI'>)",150,605180610515898368,17,4,11
150,863912024172847105,11,,"PlayerDraftPickMetadata(first_name='Albert', injury_status=<InjuryStatus.QUESTIONABLE: 'QUESTIONABLE'>, last_name='Okwuegbunam', news_updated='1662332754885', number='85', player_id='6843', position=<NFLPosition.TE: 'TE'>, sport=<Sport.NFL: 'NFL'>, status=<NFLPlayerStatus.ACTIVE: 'ACTIVE'>, team=<NFLTeam.DEN: 'DEN'>)",151,737782444484370432,6843,10,11
151,863912024172847105,12,,"PlayerDraftPickMetadata(first_name='New Orleans', injury_status=<InjuryStatus.NA: 'NA'>, last_name='Saints', news_updated='', number='', player_id='NO', position=<NFLPosition.DEF: 'DEF'>, sport=<Sport.NFL: 'NFL'>, status=None, team=<NFLTeam.NO: 'NO'>)",152,605263942515773440,NO,7,11
152,863912024172847105,13,,"PlayerDraftPickMetadata(first_name='Justin', injury_status=<InjuryStatus.NA: 'NA'>, last_name='Fields', news_updated='1661691305361', number='1', player_id='7591', position=<NFLPosition.QB: 'QB'>, sport=<Sport.NFL: 'NFL'>, status=<NFLPlayerStatus.ACTIVE: 'ACTIVE'>, team=<NFLTeam.CHI: 'CHI'>)",153,605175435638145024,7591,2,11
153,863912024172847105,14,,"PlayerDraftPickMetadata(first_name='Mac', injury_status=<InjuryStatus.NA: 'NA'>, last_name='Jones', news_updated='1661781610069', number='10', player_id='7527', position=<NFLPosition.QB: 'QB'>, sport=<Sport.NFL: 'NFL'>, status=<NFLPlayerStatus.ACTIVE: 'ACTIVE'>, team=<NFLTeam.NE: 'NE'>)",154,605266609971470336,7527,11,11
154,863912024172847105,14,,"PlayerDraftPickMetadata(first_name='Green Bay', injury_status=<InjuryStatus.NA: 'NA'>, last_name='Packers', news_updated='', number='', player_id='GB', position=<NFLPosition.DEF: 'DEF'>, sport=<Sport.NFL: 'NFL'>, status=None, team=<NFLTeam.GB: 'GB'>)",155,605266609971470336,GB,11,12
155,863912024172847105,13,,"PlayerDraftPickMetadata(first_name='Jahan', injury_status=<InjuryStatus.NA: 'NA'>, last_name='Dotson', news_updated='1661703007358', number='1', player_id='8119', position=<NFLPosition.WR: 'WR'>, sport=<Sport.NFL: 'NFL'>, status=<NFLPlayerStatus.ACTIVE: 'ACTIVE'>, team=<NFLTeam.WAS: 'WAS'>)",156,605175435638145024,8119,2,12
156,863912024172847105,12,,"PlayerDraftPickMetadata(first_name='Rachaad', injury_status=<InjuryStatus.NA: 'NA'>, last_name='White', news_updated='1661657460814', number='29', player_id='8136', position=<NFLPosition.RB: 'RB'>, sport=<Sport.NFL: 'NFL'>, status=<NFLPlayerStatus.ACTIVE: 'ACTIVE'>, team=<NFLTeam.TB: 'TB'>)",157,605263942515773440,8136,7,12
157,863912024172847105,11,,"PlayerDraftPickMetadata(first_name='Tyler', injury_status=<InjuryStatus.NA: 'NA'>, last_name='Allgeier', news_updated='1661644259436', number='25', player_id='8132', position=<NFLPosition.RB: 'RB'>, sport=<Sport.NFL: 'NFL'>, status=<NFLPlayerStatus.ACTIVE: 'ACTIVE'>, team=<NFLTeam.ATL: 'ATL'>)",158,737782444484370432,8132,10,12
158,863912024172847105,10,,"PlayerDraftPickMetadata(first_name='Jamaal', injury_status=<InjuryStatus.NA: 'NA'>, last_name='Williams', news_updated='1661751048690', number='30', player_id='4149', position=<NFLPosition.RB: 'RB'>, sport=<Sport.NFL: 'NFL'>, status=<NFLPlayerStatus.ACTIVE: 'ACTIVE'>, team=<NFLTeam.DET: 'DET'>)",159,605180610515898368,4149,4,12
159,863912024172847105,9,,"PlayerDraftPickMetadata(first_name='New England', injury_status=<InjuryStatus.NA: 'NA'>, last_name='Patriots', news_updated='', number='', player_id='NE', position=<NFLPosition.DEF: 'DEF'>, sport=<Sport.NFL: 'NFL'>, status=None, team=<NFLTeam.NE: 'NE'>)",160,605176209256583168,NE,3,12
160,863912024172847105,8,,"PlayerDraftPickMetadata(first_name='Khalil', injury_status=<InjuryStatus.NA: 'NA'>, last_name='Herbert', news_updated='1661693105563', number='24', player_id='7608', position=<NFLPosition.RB: 'RB'>, sport=<Sport.NFL: 'NFL'>, status=<NFLPlayerStatus.ACTIVE: 'ACTIVE'>, team=<NFLTeam.CHI: 'CHI'>)",161,605254631701970944,7608,13,12
161,863912024172847105,7,,"PlayerDraftPickMetadata(first_name='Rondale', injury_status=<InjuryStatus.QUESTIONABLE: 'QUESTIONABLE'>, last_name='Moore', news_updated='1662322549510', number='4', player_id='7601', position=<NFLPosition.WR: 'WR'>, sport=<Sport.NFL: 'NFL'>, status=<NFLPlayerStatus.ACTIVE: 'ACTIVE'>, team=<NFLTeam.ARI: 'ARI'>)",162,869626839986032640,7601,8,12
162,863912024172847105,6,,"PlayerDraftPickMetadata(first_name='Brandon', injury_status=<InjuryStatus.NA: 'NA'>, last_name='McManus', news_updated='1661708707835', number='8', player_id='1433', position=<NFLPosition.K: 'K'>, sport=<Sport.NFL: 'NFL'>, status=<NFLPlayerStatus.ACTIVE: 'ACTIVE'>, team=<NFLTeam.DEN: 'DEN'>)",163,605445447401689088,1433,6,12
163,863912024172847105,5,,"PlayerDraftPickMetadata(first_name='David', injury_status=<InjuryStatus.NA: 'NA'>, last_name='Njoku', news_updated='1662137148854', number='85', player_id='4033', position=<NFLPosition.TE: 'TE'>, sport=<Sport.NFL: 'NFL'>, status=<NFLPlayerStatus.ACTIVE: 'ACTIVE'>, team=<NFLTeam.CLE: 'CLE'>)",164,618292946139164672,4033,12,12
164,863912024172847105,4,,"PlayerDraftPickMetadata(first_name='J.D.', injury_status=<InjuryStatus.QUESTIONABLE: 'QUESTIONABLE'>, last_name='McKissic', news_updated='1661727046400', number='23', player_id='3664', position=<NFLPosition.RB: 'RB'>, sport=<Sport.NFL: 'NFL'>, status=<NFLPlayerStatus.ACTIVE: 'ACTIVE'>, team=<NFLTeam.WAS: 'WAS'>)",165,340485204214874112,3664,1,12
165,863912024172847105,3,,"PlayerDraftPickMetadata(first_name='Isiah', injury_status=<InjuryStatus.NA: 'NA'>, last_name='Pacheco', news_updated='1661913656410', number='10', player_id='8205', position=<NFLPosition.RB: 'RB'>, sport=<Sport.NFL: 'NFL'>, status=<NFLPlayerStatus.ACTIVE: 'ACTIVE'>, team=<NFLTeam.KC: 'KC'>)",166,605249638039109632,8205,5,12
166,863912024172847105,2,,"PlayerDraftPickMetadata(first_name='Raheem', injury_status=<InjuryStatus.NA: 'NA'>, last_name='Mostert', news_updated='1661678703830', number='31', player_id='2749', position=<NFLPosition.RB: 'RB'>, sport=<Sport.NFL: 'NFL'>, status=<NFLPlayerStatus.ACTIVE: 'ACTIVE'>, team=<NFLTeam.MIA: 'MIA'>)",167,605279643485933568,2749,9,12
167,863912024172847105,1,,"PlayerDraftPickMetadata(first_name='Mark', injury_status=<InjuryStatus.NA: 'NA'>, last_name='Ingram', news_updated='1661573415690', number='5', player_id='956', position=<NFLPosition.RB: 'RB'>, sport=<Sport.NFL: 'NFL'>, status=<NFLPlayerStatus.ACTIVE: 'ACTIVE'>, team=<NFLTeam.NO: 'NO'>)",168,455204806886158336,956,14,12
168,863912024172847105,1,,"PlayerDraftPickMetadata(first_name='Jameson', injury_status=<InjuryStatus.PUP: 'PUP'>, last_name='Williams', news_updated='1662163815681', number='9', player_id='8148', position=<NFLPosition.WR: 'WR'>, sport=<Sport.NFL: 'NFL'>, status=<NFLPlayerStatus.ACTIVE: 'ACTIVE'>, team=<NFLTeam.DET: 'DET'>)",169,455204806886158336,8148,14,13
169,863912024172847105,2,,"PlayerDraftPickMetadata(first_name='Irv', injury_status=<InjuryStatus.QUESTIONABLE: 'QUESTIONABLE'>, last_name='Smith', news_updated='1662135348640', number='84', player_id='6126', position=<NFLPosition.TE: 'TE'>, sport=<Sport.NFL: 'NFL'>, status=<NFLPlayerStatus.ACTIVE: 'ACTIVE'>, team=<NFLTeam.MIN: 'MIN'>)",170,605279643485933568,6126,9,13
170,863912024172847105,3,,"PlayerDraftPickMetadata(first_name='Zamir', injury_status=<InjuryStatus.NA: 'NA'>, last_name='White', news_updated='1661573115133', number='35', player_id='8139', position=<NFLPosition.RB: 'RB'>, sport=<Sport.NFL: 'NFL'>, status=<NFLPlayerStatus.ACTIVE: 'ACTIVE'>, team=<NFLTeam.LV: 'LV'>)",171,605249638039109632,8139,5,13
171,863912024172847105,4,,"PlayerDraftPickMetadata(first_name='DJ', injury_status=<InjuryStatus.NA: 'NA'>, last_name='Chark', news_updated='1661751048685', number='4', player_id='4951', position=<NFLPosition.WR: 'WR'>, sport=<Sport.NFL: 'NFL'>, status=<NFLPlayerStatus.ACTIVE: 'ACTIVE'>, team=<NFLTeam.DET: 'DET'>)",172,340485204214874112,4951,1,13
172,863912024172847105,5,,"PlayerDraftPickMetadata(first_name='Isaiah', injury_status=<InjuryStatus.NA: 'NA'>, last_name='McKenzie', news_updated='1662318346455', number='6', player_id='4197', position=<NFLPosition.WR: 'WR'>, sport=<Sport.NFL: 'NFL'>, status=<NFLPlayerStatus.ACTIVE: 'ACTIVE'>, team=<NFLTeam.BUF: 'BUF'>)",173,618292946139164672,4197,12,13
173,863912024172847105,6,,"PlayerDraftPickMetadata(first_name='Denver', injury_status=<InjuryStatus.NA: 'NA'>, last_name='Broncos', news_updated='', number='', player_id='DEN', position=<NFLPosition.DEF: 'DEF'>, sport=<Sport.NFL: 'NFL'>, status=None, team=<NFLTeam.DEN: 'DEN'>)",174,605445447401689088,DEN,6,13
174,863912024172847105,7,,"PlayerDraftPickMetadata(first_name='Jerick', injury_status=<InjuryStatus.NA: 'NA'>, last_name='McKinnon', news_updated='1661913056362', number='1', player_id='2161', position=<NFLPosition.RB: 'RB'>, sport=<Sport.NFL: 'NFL'>, status=<NFLPlayerStatus.ACTIVE: 'ACTIVE'>, team=<NFLTeam.KC: 'KC'>)",175,869626839986032640,2161,8,13
175,863912024172847105,8,,"PlayerDraftPickMetadata(first_name='Tyler', injury_status=<InjuryStatus.NA: 'NA'>, last_name='Higbee', news_updated='1661807111786', number='89', player_id='3271', position=<NFLPosition.TE: 'TE'>, sport=<Sport.NFL: 'NFL'>, status=<NFLPlayerStatus.ACTIVE: 'ACTIVE'>, team=<NFLTeam.LAR: 'LAR'>)",176,605254631701970944,3271,13,13
176,863912024172847105,9,,"PlayerDraftPickMetadata(first_name='Jameis', injury_status=<InjuryStatus.NA: 'NA'>, last_name='Winston', news_updated='1661571915601', number='2', player_id='2306', position=<NFLPosition.QB: 'QB'>, sport=<Sport.NFL: 'NFL'>, status=<NFLPlayerStatus.ACTIVE: 'ACTIVE'>, team=<NFLTeam.NO: 'NO'>)",177,605176209256583168,2306,3,13
177,863912024172847105,10,,"PlayerDraftPickMetadata(first_name='Russell', injury_status=<InjuryStatus.QUESTIONABLE: 'QUESTIONABLE'>, last_name='Gage', news_updated='1662318346453', number='17', player_id='5110', position=<NFLPosition.WR: 'WR'>, sport=<Sport.NFL: 'NFL'>, status=<NFLPlayerStatus.ACTIVE: 'ACTIVE'>, team=<NFLTeam.TB: 'TB'>)",178,605180610515898368,5110,4,13
178,863912024172847105,11,,"PlayerDraftPickMetadata(first_name='Cleveland', injury_status=<InjuryStatus.NA: 'NA'>, last_name='Browns', news_updated='', number='', player_id='CLE', position=<NFLPosition.DEF: 'DEF'>, sport=<Sport.NFL: 'NFL'>, status=None, team=<NFLTeam.CLE: 'CLE'>)",179,737782444484370432,CLE,10,13
179,863912024172847105,12,,"PlayerDraftPickMetadata(first_name='Younghoe', injury_status=<InjuryStatus.NA: 'NA'>, last_name='Koo', news_updated='1661233829732', number='7', player_id='4666', position=<NFLPosition.K: 'K'>, sport=<Sport.NFL: 'NFL'>, status=<NFLPlayerStatus.ACTIVE: 'ACTIVE'>, team=<NFLTeam.ATL: 'ATL'>)",180,605263942515773440,4666,7,13
180,863912024172847105,13,,"PlayerDraftPickMetadata(first_name=""Wan'Dale"", injury_status=<InjuryStatus.NA: 'NA'>, last_name='Robinson', news_updated='1661720135304', number='17', player_id='8126', position=<NFLPosition.WR: 'WR'>, sport=<Sport.NFL: 'NFL'>, status=<NFLPlayerStatus.ACTIVE: 'ACTIVE'>, team=<NFLTeam.NYG: 'NYG'>)",181,605175435638145024,8126,2,13
181,863912024172847105,14,,"PlayerDraftPickMetadata(first_name='Chuba', injury_status=<InjuryStatus.NA: 'NA'>, last_name='Hubbard', news_updated='1661573414737', number='30', player_id='7594', position=<NFLPosition.RB: 'RB'>, sport=<Sport.NFL: 'NFL'>, status=<NFLPlayerStatus.ACTIVE: 'ACTIVE'>, team=<NFLTeam.CAR: 'CAR'>)",182,605266609971470336,7594,11,13
182,863912024172847105,14,,"PlayerDraftPickMetadata(first_name='Nick', injury_status=<InjuryStatus.NA: 'NA'>, last_name='Folk', news_updated='1661609154882', number='6', player_id='650', position=<NFLPosition.K: 'K'>, sport=<Sport.NFL: 'NFL'>, status=<NFLPlayerStatus.ACTIVE: 'ACTIVE'>, team=<NFLTeam.NE: 'NE'>)",183,605266609971470336,650,11,14
183,863912024172847105,13,,"PlayerDraftPickMetadata(first_name='Robert', injury_status=<InjuryStatus.QUESTIONABLE: 'QUESTIONABLE'>, last_name='Tonyan', news_updated='1661791546601', number='85', player_id='4602', position=<NFLPosition.TE: 'TE'>, sport=<Sport.NFL: 'NFL'>, status=<NFLPlayerStatus.ACTIVE: 'ACTIVE'>, team=<NFLTeam.GB: 'GB'>)",184,605175435638145024,4602,2,14
184,863912024172847105,12,,"PlayerDraftPickMetadata(first_name='Christian', injury_status=<InjuryStatus.QUESTIONABLE: 'QUESTIONABLE'>, last_name='Watson', news_updated='1661630457441', number='9', player_id='8167', position=<NFLPosition.WR: 'WR'>, sport=<Sport.NFL: 'NFL'>, status=<NFLPlayerStatus.ACTIVE: 'ACTIVE'>, team=<NFLTeam.GB: 'GB'>)",185,605263942515773440,8167,7,14
185,863912024172847105,11,,"PlayerDraftPickMetadata(first_name='Deshaun', injury_status=<InjuryStatus.SUS: 'SUS'>, last_name='Watson', news_updated='1661899852388', number='4', player_id='4017', position=<NFLPosition.QB: 'QB'>, sport=<Sport.NFL: 'NFL'>, status=<NFLPlayerStatus.INACTIVE: 'INACTIVE'>, team=<NFLTeam.CLE: 'CLE'>)",186,737782444484370432,4017,10,14
186,863912024172847105,10,,"PlayerDraftPickMetadata(first_name='Ronald', injury_status=<InjuryStatus.NA: 'NA'>, last_name='Jones', news_updated='1661876418118', number='2', player_id='5052', position=<NFLPosition.RB: 'RB'>, sport=<Sport.NFL: 'NFL'>, status=<NFLPlayerStatus.ACTIVE: 'ACTIVE'>, team=<NFLTeam.KC: 'KC'>)",187,605180610515898368,5052,4,14
187,863912024172847105,9,,"PlayerDraftPickMetadata(first_name='Wil', injury_status=<InjuryStatus.NA: 'NA'>, last_name='Lutz', news_updated='1661575215945', number='3', player_id='3678', position=<NFLPosition.K: 'K'>, sport=<Sport.NFL: 'NFL'>, status=<NFLPlayerStatus.ACTIVE: 'ACTIVE'>, team=<NFLTeam.NO: 'NO'>)",188,605176209256583168,3678,3,14
188,863912024172847105,8,,"PlayerDraftPickMetadata(first_name='Jakobi', injury_status=<InjuryStatus.QUESTIONABLE: 'QUESTIONABLE'>, last_name='Meyers', news_updated='1661793646961', number='16', player_id='5947', position=<NFLPosition.WR: 'WR'>, sport=<Sport.NFL: 'NFL'>, status=<NFLPlayerStatus.ACTIVE: 'ACTIVE'>, team=<NFLTeam.NE: 'NE'>)",189,605254631701970944,5947,13,14
189,863912024172847105,7,,"PlayerDraftPickMetadata(first_name='Kenny', injury_status=<InjuryStatus.NA: 'NA'>, last_name='Golladay', news_updated='1662099046012', number='19', player_id='4131', position=<NFLPosition.WR: 'WR'>, sport=<Sport.NFL: 'NFL'>, status=<NFLPlayerStatus.ACTIVE: 'ACTIVE'>, team=<NFLTeam.NYG: 'NYG'>)",190,869626839986032640,4131,8,14
190,863912024172847105,6,,"PlayerDraftPickMetadata(first_name='Mecole', injury_status=<InjuryStatus.NA: 'NA'>, last_name='Hardman', news_updated='1662147311187', number='17', player_id='5917', position=<NFLPosition.WR: 'WR'>, sport=<Sport.NFL: 'NFL'>, status=<NFLPlayerStatus.ACTIVE: 'ACTIVE'>, team=<NFLTeam.KC: 'KC'>)",191,605445447401689088,5917,6,14
191,863912024172847105,5,,"PlayerDraftPickMetadata(first_name='Joshua', injury_status=<InjuryStatus.NA: 'NA'>, last_name='Palmer', news_updated='1661557812985', number='5', player_id='7670', position=<NFLPosition.WR: 'WR'>, sport=<Sport.NFL: 'NFL'>, status=<NFLPlayerStatus.ACTIVE: 'ACTIVE'>, team=<NFLTeam.LAC: 'LAC'>)",192,618292946139164672,7670,12,14
192,863912024172847105,4,,"PlayerDraftPickMetadata(first_name='K.J.', injury_status=<InjuryStatus.NA: 'NA'>, last_name='Osborn', news_updated='1661097920222', number='17', player_id='7066', position=<NFLPosition.WR: 'WR'>, sport=<Sport.NFL: 'NFL'>, status=<NFLPlayerStatus.ACTIVE: 'ACTIVE'>, team=<NFLTeam.MIN: 'MIN'>)",193,340485204214874112,7066,1,14
193,863912024172847105,3,,"PlayerDraftPickMetadata(first_name='Matt', injury_status=<InjuryStatus.NA: 'NA'>, last_name='Ryan', news_updated='1661664962923', number='2', player_id='24', position=<NFLPosition.QB: 'QB'>, sport=<Sport.NFL: 'NFL'>, status=<NFLPlayerStatus.ACTIVE: 'ACTIVE'>, team=<NFLTeam.IND: 'IND'>)",194,605249638039109632,24,5,14
194,863912024172847105,2,,"PlayerDraftPickMetadata(first_name='Nico', injury_status=<InjuryStatus.NA: 'NA'>, last_name='Collins', news_updated='1661484602427', number='12', player_id='7569', position=<NFLPosition.WR: 'WR'>, sport=<Sport.NFL: 'NFL'>, status=<NFLPlayerStatus.ACTIVE: 'ACTIVE'>, team=<NFLTeam.HOU: 'HOU'>)",195,605279643485933568,7569,9,14
195,863912024172847105,1,,"PlayerDraftPickMetadata(first_name='Alec', injury_status=<InjuryStatus.NA: 'NA'>, last_name='Pierce', news_updated='1661736916638', number='14', player_id='8142', position=<NFLPosition.WR: 'WR'>, sport=<Sport.NFL: 'NFL'>, status=<NFLPlayerStatus.ACTIVE: 'ACTIVE'>, team=<NFLTeam.IND: 'IND'>)",196,455204806886158336,8142,14,14
