added_player_name,creator,faab_spent,points_as_starter,created,drops_named,points_as_starter_by_week,weeks_started,leg
Geno Smith,niclath95,1,148.72,[1663032157377],[{'Nico Collins': 'niclath95'}],"[11.68, 13.1, 19.08, 21.8, 18.2, 19.32, 22.98, 22.56]","[6, 7, 8, 9, 10, 12, 13, 14]",[1]
Daniel Jones,llatham65,0,130.72000000000003,"[1666175607889, 1667985974515]","[None, {'Andy Dalton': 'llatham65'}]","[28.78, 8.04, 18.28, 26.64, 13.52, 16.1, 19.36]","[7, 8, 10, 11, 12, 13, 14]","[7, 10]"
Buffalo Bills,ujthechamp,20,123.0,[1668047459078],[None],"[17.0, 19.0, 4.0, 7.0, 13.0, 8.0, 5.0, 6.0, 9.0, 5.0, 9.0, 6.0, 15.0]","[1, 2, 3, 4, 5, 6, 8, 9, 10, 11, 12, 13, 14]",[10]
Jared Goff,andyhan4,0,119.08000000000001,[1663561160541],[{'Mike Davis': 'andyhan4'}],"[14.88, 34.22, 1.52, 18.14, 12.38, 13.84, 6.5, 17.6]","[3, 4, 7, 8, 9, 10, 11, 12]",[2]
Philadelphia Eagles,jakesmyth,3,115.0,[1663677789004],[{'Cincinnati Bengals': 'jakesmyth'}],"[20.0, 18.0, 4.0, 7.0, 16.0, 8.0, 8.0, 8.0, 6.0, 10.0, 10.0]","[3, 4, 5, 6, 8, 9, 10, 11, 12, 13, 14]",[2]
Jeff Wilson,mattlatham,61,107.99999999999999,"[1663085811968, 1667331413754]","[{'Justice Hill': 'mattlatham'}, {'Justice Hill': 'mattlatham'}]","[11.3, 9.1, 13.4, 19.7, -0.5, 5.4, 14.7, 21.3, 11.7, 0.3, 1.6]","[2, 3, 4, 5, 6, 7, 9, 10, 12, 13, 14]","[1, 8]"
Gerald Everett,jakesmyth,0,87.0,[1662599571992],[{'Jerick McKinnon': 'jakesmyth'}],"[12.9, 10.1, 3.5, 14.6, 0.7, 5.4, 8.8, 6.1, 3.3, 5.8, 10.5, 5.3]","[1, 2, 3, 4, 5, 6, 7, 9, 10, 12, 13, 14]",[1]
Baltimore Ravens,carlogesualdo,0,86.0,"[1665689791992, 1668372758269]","[{'Jacksonville Jaguars': 'carlogesualdo'}, None]","[13.0, 7.0, 13.0, 7.0, 15.0, 18.0, 7.0, 6.0]","[1, 2, 3, 6, 7, 11, 12, 13]","[6, 10]"
Tyler Bass,petenotpetey,0,77.0,[1666785289748],[{'Ryan Succop': 'petenotpetey'}],"[10.0, 6.0, 13.0, 23.0, 9.0, 7.0, 9.0]","[8, 9, 10, 11, 12, 13, 14]",[8]
DK Metcalf,petenotpetey,26,75.1,[1666921297590],[{'Isaiah McKenzie': 'petenotpetey'}],"[12.2, 10.1, 14.5, 22.7, 15.6]","[9, 10, 12, 13, 14]",[8]
Jimmy Garoppolo,alexludtke,20,73.16,[1666123881958],[None],"[16.32, 15.9, 25.42, 13.28, 2.24]","[7, 10, 11, 12, 13]",[6]
Marcus Mariota,lauramarkey,0,70.27999999999999,[1665003705248],[{'Kenyan Drake': 'lauramarkey'}],"[7.56, 18.74, 17.74, 14.86, 11.38]","[9, 10, 11, 12, 13]",[5]
Green Bay Packers,lauramarkey,0,70.0,[1667519060326],[{'San Francisco 49ers': 'lauramarkey'}],"[1.0, 9.0, 13.0, 8.0, 3.0, 2.0, 9.0, 3.0, 6.0, 5.0, 1.0, 10.0]","[1, 2, 3, 4, 5, 6, 7, 9, 10, 11, 12, 13]",[9]
Kirk Cousins,phan497,0,66.08,[1666873474059],[{'Parris Campbell': 'phan497'}],"[22.48, 17.4, 1.2, 25.0]","[8, 9, 11, 14]",[8]
Ryan Succop,petenotpetey,0,65.0,[1662768097208],[{'Justin Fields': 'petenotpetey'}],"[14.0, 10.0, 8.0, 8.0, 8.0, 14.0, 3.0]","[1, 2, 3, 4, 5, 6, 7]",[1]
D'Onta Foreman,carlogesualdo,0,64.3,[1666325610602],[{'Caleb Huntley': 'carlogesualdo'}],"[31.8, 3.1, 19.0, 2.4, 8.0]","[8, 9, 10, 11, 14]",[7]
Justin Fields,anahan,0,62.0,[1663641630211],[{'DeAndre Carter': 'anahan'}],"[39.38, 22.62]","[10, 11]",[2]
Wil Lutz,julesdefwatchesftbll,0,61.0,[1665778156064],[{'Brandon McManus': 'julesdefwatchesftbll'}],"[14.0, 11.0, 5.0, 7.0, 5.0, 10.0, -1.0, 10.0]","[6, 7, 8, 9, 10, 11, 12, 13]",[6]
San Francisco 49ers,mattlatham,0,60.0,[1668523206080],[{'Miami Dolphins': 'mattlatham'}],"[12.0, 17.0, 19.0, 12.0]","[11, 12, 13, 14]",[10]
Los Angeles Rams,anahan,0,57.0,[1666744310134],[None],"[11.0, 10.0, 6.0, 2.0, 6.0, 11.0, 4.0, 3.0, 4.0]","[1, 2, 3, 4, 5, 6, 9, 10, 11]",[7]
Jerick McKinnon,alexludtke,5,54.8,[1667927787679],[{'Will Dissly': 'alexludtke'}],"[8.8, 4.1, 13.0, 28.9]","[10, 12, 13, 14]",[9]
Donovan Peoples-Jones,llatham65,0,52.1,[1666176388728],[{'DJ Chark': 'llatham65'}],"[7.1, 12.4, 14.6, 2.6, 15.4]","[7, 10, 11, 12, 14]",[7]
Isiah Pacheco,llatham65,0,51.8,[1668597218793],[{'Kyren Williams': 'llatham65'}],"[10.7, 15.1, 15.2, 10.8]","[11, 12, 13, 14]",[11]
Carson Wentz,andyhan4,0,51.8,[1663060435474],[{'Dak Prescott': 'andyhan4'}],"[27.78, 19.86, 4.16]","[2, 5, 6]",[1]
Devin Duvernay,julesdefwatchesftbll,5,50.4,[1663560914777],[{'Mecole Hardman': 'julesdefwatchesftbll'}],"[9.3, 7.1, 10.3, 1.9, 5.2, 14.4, 1.0, 1.2, 0.0]","[3, 4, 5, 6, 7, 8, 9, 11, 14]",[2]
Michael Badgley,andyhan4,0,50.0,"[1665030777141, 1668358397915]","[{'Matt Prater': 'andyhan4'}, {'Matt Prater': 'andyhan4'}]","[0.0, 7.0, 7.0, 6.0, 19.0, 11.0]","[5, 10, 11, 12, 13, 14]","[5, 10]"
Kansas City Chiefs,julesdefwatchesftbll,0,47.0,[1667507577663],[{'Atlanta Falcons': 'julesdefwatchesftbll'}],"[4.0, 6.0, 10.0, 11.0, 1.0, 15.0]","[9, 10, 11, 12, 13, 14]",[9]
Evan Engram,andyhan4,0,46.1,[1669486942088],[{'Russell Gage': 'andyhan4'}],"[0.9, 11.5, 33.7]","[12, 13, 14]",[12]
Jakobi Meyers,petenotpetey,26,46.0,[1665486682004],[{'Zay Jones': 'petenotpetey'}],"[8.0, 10.4, 16.5, 3.9, 7.2]","[6, 7, 8, 9, 11]",[5]
Parris Campbell,ujthechamp,0,45.9,[1666916282036],[None],"[8.1, 2.6, 17.1, 9.2, 2.4, 6.5]","[8, 9, 10, 11, 12, 13]",[8]
Joshua Palmer,llatham65,0,44.4,[1667403787741],[None],"[14.6, 5.9, 7.1, 9.5, 7.3]","[9, 10, 12, 13, 14]",[9]
Russell Wilson,emilyhan,0,44.22,[1665630108783],[{'Christian Watson': 'emilyhan'}],"[13.82, 12.24, 10.68, 7.48]","[6, 10, 11, 12]",[6]
Graham Gano,phan497,0,44.0,"[1664546726422, 1666270220695]","[{'Austin Seibert': 'phan497'}, {'Jason Sanders': 'phan497'}]","[9.0, 10.0, 6.0, 11.0, 8.0]","[4, 5, 6, 7, 8]","[4, 7]"
Jake Elliott,mattlatham,0,43.0,[1666791574076],[{'Taylor Bertolet': 'mattlatham'}],"[5.0, 2.0, 3.0, 5.0, 11.0, 5.0, 12.0]","[8, 9, 10, 11, 12, 13, 14]",[8]
Brett Maher,jakesmyth,1,43.0,[1664336829707],[None],"[15.0, 11.0, 4.0, 6.0, 7.0]","[4, 5, 6, 7, 8]",[3]
Christian Watson,mattlatham,0,42.0,[1668522768051],[None],"[19.1, 22.9]","[11, 13]",[10]
Cole Kmet,llatham65,0,41.8,[1667986448573],[{'Evan Engram': 'llatham65'}],"[0.0, 2.0, 21.4, 5.0, 3.2, 10.2]","[1, 6, 10, 11, 12, 13]",[10]
Curtis Samuel,carlogesualdo,0,41.6,[1663147924849],[{'K.J. Osborn': 'carlogesualdo'}],"[5.8, 9.2, 1.6, 9.4, 15.6]","[4, 5, 6, 8, 9]",[2]
Jason Myers,anahan,1,41.0,[1666224063519],[{'Tyler Bass': 'anahan'}],"[16.0, 11.0, 8.0, 6.0]","[7, 8, 9, 10]",[7]
Cameron Dicker,carlogesualdo,0,41.0,"[1667667143118, 1668977666305]","[{'Sony Michel': 'carlogesualdo'}, {'Brett Maher': 'carlogesualdo'}]","[8.0, 10.0, 5.0, 7.0, 11.0]","[9, 11, 12, 13, 14]","[9, 11]"
Dustin Hopkins,mattlatham,0,39.0,[1662339728076],[None],"[6.0, 6.0, 4.0, 10.0, 0.0, 13.0]","[1, 2, 3, 4, 5, 6]",[1]
Evan Engram,mattlatham,0,38.599999999999994,[1665179100215],[{'Taysom Hill': 'mattlatham'}],"[9.9, 6.5, 8.7, 13.5]","[5, 6, 7, 8]",[5]
Latavius Murray,petenotpetey,12,38.2,"[1664935890130, 1668736030265]","[{'Mecole Hardman': 'petenotpetey'}, None]","[15.2, 10.3, 8.1, 4.6]","[11, 12, 13, 14]","[4, 11]"
Samaje Perine,carlogesualdo,0,35.8,[1669135976259],"[{""Wan'Dale Robinson"": 'carlogesualdo'}]","[17.3, 18.5]","[12, 13]",[11]
Cleveland Browns,llatham65,0,35.0,[1669863565082],[{'Miami Dolphins': 'llatham65'}],"[31.0, 4.0]","[13, 14]",[13]
Antonio Gibson,carlogesualdo,65,34.7,[1666888984455],[{'Sony Michel': 'carlogesualdo'}],"[17.2, 5.7, 11.8]","[8, 9, 11]",[8]
Washington Commanders,niclath95,0,34.0,[1668630845699],[{'Jason Sanders': 'niclath95'}],"[19.0, 7.0, 8.0]","[11, 12, 13]",[11]
Brandon McManus,jakesmyth,0,33.0,[1668730268244],[{'Ryan Succop': 'jakesmyth'}],"[13.0, 3.0, 13.0, 4.0]","[11, 12, 13, 14]",[11]
Michael Carter,alexludtke,20,30.5,[1666660260609],[None],"[8.1, 15.1, 2.2, 4.6, 0.5]","[8, 9, 11, 12, 14]",[7]
Cam Akers,jakesmyth,0,30.0,[1669091907942],[{'Chase Edmonds': 'jakesmyth'}],"[3.7, 18.5, 7.8]","[12, 13, 14]",[11]
Miami Dolphins,mattlatham,0,29.0,[1666182240230],[{'Chicago Bears': 'mattlatham'}],"[12.0, 1.0, 9.0, 7.0]","[7, 8, 9, 10]",[7]
Darnell Mooney,phan497,0,28.0,[1665685367400],[{'Minnesota Vikings': 'phan497'}],"[10.3, 6.8, 10.9]","[6, 7, 11]",[6]
Seattle Seahawks,niclath95,0,28.0,[1667144008720],[{'Allen Robinson': 'niclath95'}],"[14.0, 9.0, 4.0, 1.0]","[8, 9, 10, 14]",[8]
Matt Prater,andyhan4,0,27.0,[1667329088008],[{'Brandon McManus': 'andyhan4'}],"[1.0, 1.0, 14.0, 8.0, 3.0]","[1, 2, 3, 4, 9]",[8]
Tennessee Titans,llatham65,0,27.0,"[1666916412202, 1667986239830]","[{'New York Jets': 'llatham65'}, {'Arizona Cardinals': 'llatham65'}]","[9.0, 13.0, 5.0]","[8, 10, 11]","[8, 10]"
Joey Slye,phan497,0,27.0,[1668812400417],[{'Odell Beckham': 'phan497'}],"[12.0, 7.0, 8.0]","[11, 12, 13]",[11]
Cincinnati Bengals,mattlatham,0,27.0,[1663764742850],[{'Indianapolis Colts': 'mattlatham'}],"[19.0, 8.0]","[3, 4]",[3]
Dak Prescott,jakesmyth,30,26.4,[1664928101343],[None],[26.4],[8],[4]
Denver Broncos,julesdefwatchesftbll,0,25.0,[1665002270855],[{'Chicago Bears': 'julesdefwatchesftbll'}],"[8.0, 17.0]","[1, 5]",[5]
Chase McLaughlin,lauramarkey,0,25.0,[1668098818953],[{'Juwan Johnson': 'lauramarkey'}],"[8.0, 11.0, 6.0]","[10, 11, 12]",[10]
Rondale Moore,lauramarkey,0,24.8,[1665503492857],[{'Kenneth Gainwell': 'lauramarkey'}],"[10.9, 13.9]","[9, 10]",[5]
George Pickens,mattlatham,0,24.8,[1664995376060],[{'Josh Reynolds': 'mattlatham'}],"[11.3, 4.3, 9.2]","[5, 6, 12]",[5]
Treylon Burks,niclath95,6,24.0,[1669120392169],[None],"[15.0, 9.0]","[12, 13]",[11]
Kenyan Drake,llatham65,0,23.9,[1667389739530],[{'Odell Beckham': 'llatham65'}],[23.9],[9],[9]
Greg Dulcich,mattlatham,0,23.8,"[1667999164035, 1668697779538, 1669826107874]","[{'Kadarius Toney': 'mattlatham'}, {'Isaiah Likely': 'mattlatham'}, None]","[1.6, 5.0, 11.5, 5.7]","[10, 11, 13, 14]","[10, 11, 13]"
Deshaun Watson,andyhan4,0,23.68,[1668530663193],[{'Tyler Conklin': 'andyhan4'}],"[6.34, 17.34]","[13, 14]",[10]
Deon Jackson,carlogesualdo,0,23.1,[1665853181126],[None],[23.1],[6],[6]
Allen Robinson,emilyhan,0,23.0,[1667750954937],[{'Skyy Moore': 'emilyhan'}],"[3.9, 6.4, 12.7]","[9, 10, 11]",[9]
Denver Broncos,andyhan4,0,23.0,[1668635079890],[{'Tampa Bay Buccaneers': 'andyhan4'}],"[1.0, 2.0, 13.0, 7.0]","[11, 12, 13, 14]",[11]
Mac Jones,ujthechamp,0,21.34,[1666874682983],[None],"[11.66, 9.68]","[8, 9]",[8]
Miami Dolphins,llatham65,0,21.0,[1669204525852],[{'Tennessee Titans': 'llatham65'}],[21.0],[12],[12]
DJ Chark,emilyhan,12,18.4,[1670383588940],[{'Mark Ingram': 'emilyhan'}],[18.4],[14],[13]
Foster Moreau,carlogesualdo,0,18.3,[1668532957816],[{'Chuba Hubbard': 'carlogesualdo'}],"[3.8, 10.8, 3.7, 0.0]","[11, 12, 13, 14]",[10]
Ryan Tannehill,alexludtke,0,17.76,[1670467894209],[{'Brock Purdy': 'alexludtke'}],[17.76],[14],[14]
Juwan Johnson,llatham65,0,17.7,[1666176605770],[{'Jason Myers': 'llatham65'}],[17.7],[7],[7]
Josh Reynolds,mattlatham,0,17.6,[1664655728361],[{'Robbie Anderson': 'mattlatham'}],[17.6],[4],[4]
Kadarius Toney,andyhan4,0,17.0,[1668353448216],[{'Deon Jackson': 'andyhan4'}],"[17.0, 0.0]","[10, 11]",[10]
Taysom Hill,julesdefwatchesftbll,25,16.88,[1665345971499],[None],"[4.54, 12.34]","[6, 13]",[5]
Kirk Cousins,llatham65,36,16.5,[1665490240785],[None],[16.5],[6],[5]
Jacoby Brissett,julesdefwatchesftbll,0,16.48,[1668098259078],[None],[16.48],[10],[10]
Ameer Abdullah,niclath95,0,16.1,[1669567140346],[None],"[13.0, 0.4, 2.7]","[12, 13, 14]",[12]
Greg Zuerlein,carlogesualdo,0,16.0,[1666310280609],[None],"[12.0, 4.0]","[7, 8]",[7]
Graham Gano,alexludtke,5,16.0,[1667927590906],[{'Jacksonville Jaguars': 'alexludtke'}],"[7.0, -2.0, 11.0]","[10, 11, 12]",[9]
Chigoziem Okonkwo,julesdefwatchesftbll,0,15.5,[1670544559428],[None],[15.5],[14],[14]
Jake Elliott,niclath95,0,15.0,[1663180507476],[None],"[5.0, 6.0, 4.0]","[2, 3, 4]",[2]
Chicago Bears,julesdefwatchesftbll,1,15.0,[1663716366011],[{'Pittsburgh Steelers': 'julesdefwatchesftbll'}],"[8.0, 7.0]","[3, 4]",[2]
Zonovan Knight,phan497,45,14.7,[1669735342780],[{'Nico Collins': 'phan497'}],[14.7],[14],[12]
Zay Jones,llatham65,0,13.8,[1666539577295],[{'Mike Gesicki': 'llatham65'}],"[8.8, 5.0]","[7, 8]",[7]
Kenny Pickett,petenotpetey,0,13.28,[1666192288997],[{'Latavius Murray': 'petenotpetey'}],[13.28],[7],[7]
Robbie Gould,anahan,0,13.0,"[1668658616518, 1670209249015]","[{'Jason Myers': 'anahan'}, {'Brett Maher': 'anahan'}]","[8.0, 5.0]","[11, 14]","[11, 13]"
Ryan Succop,jakesmyth,0,13.0,[1667518686299],[{'Brett Maher': 'jakesmyth'}],"[11.0, 2.0]","[9, 10]",[9]
Minnesota Vikings,phan497,0,13.0,[1664675340979],[{'Taysom Hill': 'phan497'}],"[7.0, 6.0]","[4, 5]",[4]
Alec Pierce,anahan,0,12.3,[1665791390163],[None],"[5.2, 2.8, 0.0, 4.3]","[7, 9, 10, 11]",[6]
Juwan Johnson,julesdefwatchesftbll,0,12.2,[1668892016264],[{'Jacoby Brissett': 'julesdefwatchesftbll'}],"[12.2, 0.0]","[11, 12]",[11]
Denver Broncos,anahan,0,12.0,[1666223891329],[{'Los Angeles Rams': 'anahan'}],"[4.0, 8.0]","[7, 8]",[7]
Carolina Panthers,anahan,0,12.0,[1669244695277],[{'Los Angeles Rams': 'anahan'}],[12.0],[12],[12]
Andy Dalton,llatham65,0,11.9,[1667389659582],[None],[11.9],[9],[9]
Irv Smith,lauramarkey,0,11.9,[1663809110836],[{'Jerick McKinnon': 'lauramarkey'}],"[4.2, 7.7]","[3, 6]",[3]
Tyler Higbee,phan497,32,11.3,[1666264171482],[{'Mac Jones': 'phan497'}],"[0.0, 11.3]","[9, 10]",[7]
Mike Gesicki,jakesmyth,5,11.3,[1666660734912],[{'Pittsburgh Steelers': 'jakesmyth'}],[11.3],[8],[7]
Juwan Johnson,lauramarkey,0,11.2,[1667751048601],[None],[11.2],[9],[9]
Darius Slayton,carlogesualdo,0,11.1,[1668698003966],[{'Atlanta Falcons': 'carlogesualdo'}],[11.1],[11],[11]
Baltimore Ravens,lauramarkey,15,11.0,[1670461002501],[{'Green Bay Packers': 'lauramarkey'}],[11.0],[14],[14]
Jacksonville Jaguars,alexludtke,0,11.0,[1666820592756],[None],"[5.0, 6.0]","[8, 9]",[8]
New York Jets,alexludtke,0,11.0,[1669214385818],[{'Cincinnati Bengals': 'alexludtke'}],"[9.0, 2.0]","[12, 13]",[12]
Brett Maher,phan497,0,11.0,[1670778427940],[None],[11.0],[14],[14]
Hayden Hurst,niclath95,0,10.9,[1662978561119],[None],"[4.9, 6.0]","[2, 9]",[1]
Las Vegas Raiders,ujthechamp,0,10.0,[1666213795337],[None],[10.0],[7],[7]
Baltimore Ravens,petenotpetey,0,10.0,[1667389542817],[{'Hunter Renfrow': 'petenotpetey'}],[10.0],[9],[9]
New York Giants,phan497,0,10.0,[1667905173978],[{'Michael Badgley': 'phan497'}],[10.0],[10],[9]
Jake Elliott,andyhan4,0,10.0,[1665932783175],[{'Michael Badgley': 'andyhan4'}],[10.0],[6],[6]
Jaylen Warren,lauramarkey,0,9.2,[1668098779766],[{'Greg Dortch': 'lauramarkey'}],[9.2],[10],[10]
Cameron Dicker,niclath95,0,9.0,[1665260976070],[None],[9.0],[5],[5]
Robbie Gould,phan497,0,9.0,[1667994427299],[{'Kyren Williams': 'phan497'}],[9.0],[10],[10]
Denver Broncos,petenotpetey,0,9.0,[1663374223820],[None],[9.0],[2],[2]
Isaiah Likely,mattlatham,0,8.9,[1666985125791],[{'Evan Engram': 'mattlatham'}],[8.9],[9],[8]
Justin Watson,llatham65,0,8.2,[1668959860064],[None],[8.2],[11],[11]
Greg Dulcich,carlogesualdo,15,8.1,[1666092068628],[{'Tevin Coleman': 'carlogesualdo'}],[8.1],[7],[6]
Cincinnati Bengals,jakesmyth,0,8.0,[1662601406556],[{'Kenny Golladay': 'jakesmyth'}],"[3.0, 5.0]","[1, 2]",[1]
Eno Benjamin,julesdefwatchesftbll,0,8.0,[1665238478374],[{'Kirk Cousins': 'julesdefwatchesftbll'}],[8.0],[6],[5]
Atlanta Falcons,julesdefwatchesftbll,0,8.0,[1667142706718],[{'Cincinnati Bengals': 'julesdefwatchesftbll'}],[8.0],[8],[8]
Chicago Bears,mattlatham,0,8.0,[1665511071821],[{'Tennessee Titans': 'mattlatham'}],[8.0],[6],[5]
Brett Maher,anahan,2,8.0,[1668987140099],[{'Robbie Gould': 'anahan'}],"[3.0, 5.0]","[12, 13]",[11]
Jason Sanders,niclath95,0,8.0,[1667144304233],[{'Los Angeles Chargers': 'niclath95'}],[8.0],[8],[8]
Robbie Gould,jakesmyth,0,8.0,[1663116190454],[{'Rodrigo Blankenship': 'jakesmyth'}],[8.0],[2],[1]
Rodrigo Blankenship,jakesmyth,0,8.0,[1662600684297],[{'Rondale Moore': 'jakesmyth'}],[8.0],[1],[1]
Las Vegas Raiders,carlogesualdo,0,8.0,[1670378424606],[{'Baltimore Ravens': 'carlogesualdo'}],[8.0],[14],[13]
Mark Ingram,emilyhan,0,7.8,[1663515560520],[None],"[4.1, 3.7]","[2, 7]",[2]
Robert Woods,jakesmyth,0,7.4,[1670474734227],[{'James Robinson': 'jakesmyth'}],[7.4],[14],[14]
Cade Otton,emilyhan,0,7.3,[1666829358084],[None],"[2.5, 4.8]","[8, 14]",[8]
Mack Hollins,jakesmyth,0,7.2,[1670474946346],[{'Aaron Rodgers': 'jakesmyth'}],[7.2],[14],[14]
New York Jets,llatham65,0,7.0,[1666302800585],[{'San Francisco 49ers': 'llatham65'}],[7.0],[7],[7]
DeAndre Carter,anahan,0,7.0,[1663105631464],[{'Isaiah McKenzie': 'anahan'}],[7.0],[2],[1]
Jason Sanders,julesdefwatchesftbll,0,7.0,[1670544610520],[{'Juwan Johnson': 'julesdefwatchesftbll'}],[7.0],[14],[14]
Nyheim Hines,phan497,0,6.8,[1666540502474],[None],[6.8],[7],[7]
Gus Edwards,phan497,0,6.5,[1666446914619],[None],[6.5],[8],[7]
Kenyan Drake,mattlatham,0,6.3,[1668598532939],[{'Caleb Huntley': 'mattlatham'}],[6.3],[11],[11]
Minnesota Vikings,carlogesualdo,0,6.0,[1667329002024],[{'Indianapolis Colts': 'carlogesualdo'}],[6.0],[9],[8]
Jason Myers,emilyhan,0,6.0,[1670383445339],[{'Younghoe Koo': 'emilyhan'}],[6.0],[14],[13]
Cincinnati Bengals,llatham65,0,6.0,[1667403722085],[{'Tennessee Titans': 'llatham65'}],[6.0],[9],[9]
Tennessee Titans,mattlatham,0,6.0,[1664974061407],[{'Cincinnati Bengals': 'mattlatham'}],[6.0],[5],[5]
Tyler Huntley,julesdefwatchesftbll,0,5.62,[1670685329340],[{'Wil Lutz': 'julesdefwatchesftbll'}],[5.62],[14],[14]
Jacksonville Jaguars,carlogesualdo,0,5.0,[1664883467181],[{'Baltimore Ravens': 'carlogesualdo'}],[5.0],[5],[4]
Pittsburgh Steelers,carlogesualdo,0,5.0,[1664364428973],[{'Darrel Williams': 'carlogesualdo'}],[5.0],[4],[4]
Indianapolis Colts,carlogesualdo,0,5.0,[1666812874293],[None],[5.0],[8],[8]
Brandon McManus,andyhan4,0,5.0,[1666147295003],[{'Jake Elliott': 'andyhan4'}],"[2.0, 3.0]","[7, 8]",[6]
Matt Gay,ujthechamp,0,5.0,[1668047680875],[None],[5.0],[10],[10]
Terrace Marshall,mattlatham,0,4.8,[1667999135679],[{'Ty Johnson': 'mattlatham'}],[4.8],[10],[10]
Mack Hollins,phan497,11,4.8,[1664297242701],[None],[4.8],[4],[3]
Nico Collins,llatham65,0,4.8,[1664911035946],[{'Jakobi Meyers': 'llatham65'}],[4.8],[7],[4]
Mike Boone,mattlatham,11,4.8,"[1664934954195, 1670591840449]","[{'Romeo Doubs': 'mattlatham'}, {'DeeJay Dallas': 'mattlatham'}]","[0.9, 3.9]","[6, 14]","[4, 14]"
Deon Jackson,andyhan4,0,4.6,[1667416085830],[{'Carson Wentz': 'andyhan4'}],[4.6],[9],[9]
Romeo Doubs,mattlatham,0,4.1,"[1664369068596, 1665883367796]","[{'Jaylen Warren': 'mattlatham'}, {'Alexander Mattison': 'mattlatham'}]",[4.1],[6],"[4, 6]"
Mike Gesicki,anahan,1,4.1,[1667425530497],[{'Denver Broncos': 'anahan'}],[4.1],[10],[9]
Pittsburgh Steelers,phan497,0,4.0,[1669728866638],[None],[4.0],[14],[12]
Brett Maher,carlogesualdo,0,4.0,[1668002905000],[{'Cameron Dicker': 'carlogesualdo'}],[4.0],[10],[10]
Cincinnati Bengals,julesdefwatchesftbll,0,4.0,[1666444227791],[{'Jacksonville Jaguars': 'julesdefwatchesftbll'}],[4.0],[7],[7]
Nyheim Hines,jakesmyth,54,3.6999999999999997,[1667370426604],[{'Mike Gesicki': 'jakesmyth'}],"[0.0, 1.4, 2.3]","[9, 10, 13]",[8]
Caleb Huntley,mattlatham,0,3.4,[1667588880352],[None],[3.4],[9],[9]
Mason Crosby,llatham65,6,3.0,[1665502919090],[None],[3.0],[6],[5]
Taylor Bertolet,mattlatham,0,3.0,[1666182219997],[{'Dustin Hopkins': 'mattlatham'}],[3.0],[7],[7]
San Francisco 49ers,lauramarkey,0,3.0,[1666818433657],[{'Green Bay Packers': 'lauramarkey'}],[3.0],[8],[8]
Pittsburgh Steelers,julesdefwatchesftbll,0,3.0,[1663090822043],[{'Denver Broncos': 'julesdefwatchesftbll'}],[3.0],[2],[1]
Ryan Tannehill,mattlatham,0,2.88,[1666182165991],[{'Mike Boone': 'mattlatham'}],[2.88],[7],[7]
Juwan Johnson,anahan,0,2.4,[1667146719962],[None],[2.4],[8],[8]
Foster Moreau,anahan,0,2.4,[1667753827289],[None],[2.4],[9],[9]
Khalil Herbert,petenotpetey,6,2.3,[1666704763183],[{'Kenny Pickett': 'petenotpetey'}],[2.3],[9],[7]
Kadarius Toney,mattlatham,0,2.2,[1666892330817],[None],[2.2],[9],[8]
Corey Davis,julesdefwatchesftbll,4,2.0,[1663560994383],[{'Austin Hooper': 'julesdefwatchesftbll'}],[2.0],[14],[2]
Tampa Bay Buccaneers,anahan,0,2.0,[1669569729893],[None],"[3.0, -1.0]","[13, 14]",[12]
Robbie Anderson,mattlatham,0,1.7,[1663156414012],[{'Mark Ingram': 'mattlatham'}],[1.7],[2],[2]
Will Dissly,alexludtke,0,1.7,[1665623675044],[None],[1.7],[6],[6]
Evan Engram,llatham65,5,1.3,[1667441010126],[{'Brock Wright': 'llatham65'}],[1.3],[9],[9]
Josh Reynolds,phan497,0,1.3,[1666264067929],[{'Michael Carter': 'phan497'}],[1.3],[7],[7]
Michael Badgley,phan497,0,1.0,[1667395367687],[{'Graham Gano': 'phan497'}],[1.0],[9],[9]
Cincinnati Bengals,alexludtke,0,1.0,[1668625453392],[{'Cleveland Browns': 'alexludtke'}],[1.0],[11],[11]
Pittsburgh Steelers,jakesmyth,0,1.0,[1666540519397],[None],[1.0],[7],[7]
Atlanta Falcons,carlogesualdo,0,1.0,[1668002928531],[{'Minnesota Vikings': 'carlogesualdo'}],[1.0],[10],[10]
Matt Ammendola,jakesmyth,0,1.0,[1664124175865],[None],[1.0],[3],[3]
Tony Jones,ujthechamp,0,0.7,[1670460382677],[None],[0.7],[14],[14]
Trey McBride,mattlatham,0,0.6,[1669081498907],[{'Greg Dulcich': 'mattlatham'}],[0.6],[12],[11]
Ty Johnson,mattlatham,0,0.6,[1666808399512],[None],[0.6],[8],[8]
Kenyan Drake,carlogesualdo,0,0.5,[1666310473214],[None],[0.5],[7],[7]
Ben Skowronek,carlogesualdo,0,0.0,[1670933067130],[None],[],[],[14]
JaMycal Hasty,mattlatham,0,0.0,[1669979240439],[{'Terrace Marshall': 'mattlatham'}],[],[],[13]
Jacksonville Jaguars,julesdefwatchesftbll,0,0.0,[1665778087504],[{'Denver Broncos': 'julesdefwatchesftbll'}],[0.0],[6],[6]
Jahan Dotson,petenotpetey,0,0.0,[1668302757753],[None],[],[],[10]
Donovan Peoples-Jones,jakesmyth,2,0.0,[1663123966744],[None],[],[],[1]
DeeJay Dallas,mattlatham,0,0.0,[1670343086374],[{'JaMycal Hasty': 'mattlatham'}],[],[],[13]
Sony Michel,carlogesualdo,0,0.0,"[1666539864003, 1667520744522]","[{'Joshua Kelley': 'carlogesualdo'}, {'Greg Zuerlein': 'carlogesualdo'}]",[],[],"[7, 9]"
Taysom Hill,phan497,6,0.0,[1663068417317],[None],[],[],[1]
Benny Snell,carlogesualdo,0,0.0,[1669810845698],[None],[],[],[13]
Brandin Cooks,petenotpetey,1,0.0,[1669206020093],[{'Jahan Dotson': 'petenotpetey'}],[],[],[12]
Romeo Doubs,petenotpetey,0,0.0,[1665245111673],[None],[],[],[5]
Austin Seibert,phan497,0,0.0,[1664368296105],[{'Wil Lutz': 'phan497'}],[],[],[4]
Taysom Hill,mattlatham,0,0.0,[1664935041780],[{'Mike Gesicki': 'mattlatham'}],[],[],[4]
Travis Homer,carlogesualdo,0,0.0,[1670504798810],[{'Darius Slayton': 'carlogesualdo'}],[],[],[14]
Teddy Bridgewater,llatham65,0,0.0,[1664922476810],[None],[],[],[4]
Dontrell Hilliard,julesdefwatchesftbll,0,0.0,[1670685404448],[{'Eno Benjamin': 'julesdefwatchesftbll'}],[0.0],[14],[14]
Zay Jones,petenotpetey,6,0.0,"[1664595110195, 1665100542709, 1670940582963]","[None, None, {'Matt Breida': 'petenotpetey'}]",[],[],"[4, 5, 14]"
Greg Dortch,lauramarkey,0,0.0,[1664748868931],[None],[],[],[4]
Greg Dulcich,llatham65,5,0.0,[1666892867369],[{'Juwan Johnson': 'llatham65'}],[],[],[8]
Arizona Cardinals,llatham65,0,0.0,[1667820607070],[{'Cincinnati Bengals': 'llatham65'}],[],[],[9]
Wan'Dale Robinson,carlogesualdo,0,0.0,"[1666888956761, 1667948339091]","[{'Kenyan Drake': 'carlogesualdo'}, {'Romeo Doubs': 'carlogesualdo'}]",[],[],"[8, 9]"
Van Jefferson,llatham65,0,0.0,[1668515145205],[None],[],[],[10]
Tyrion Davis-Price,lauramarkey,0,0.0,[1663237976091],[{'Chuba Hubbard': 'lauramarkey'}],[],[],[2]
Greg Joseph,jakesmyth,0,0.0,[1664121068836],[{'Robbie Gould': 'jakesmyth'}],[],[],[3]
Tyler Conklin,andyhan4,15,0.0,[1664303722229],[{'Darnell Mooney': 'andyhan4'}],[0.0],[5],[3]
Austin Hooper,julesdefwatchesftbll,0,0.0,[1662381548639],[None],[],[],[1]
Ty Johnson,jakesmyth,0,0.0,[1669793802816],[None],[],[],[12]
Treylon Burks,petenotpetey,0,0.0,[1668018515719],[None],[],[],[10]
Gus Edwards,llatham65,1,0.0,[1668515218683],[None],[],[],[10]
Trevor Lawrence,carlogesualdo,0,0.0,[1670933100888],[{'Samaje Perine': 'carlogesualdo'}],[],[],[14]
Romeo Doubs,carlogesualdo,0,0.0,[1667329324347],"[{""Wan'Dale Robinson"": 'carlogesualdo'}]",[],[],[8]
Tevin Coleman,carlogesualdo,0,0.0,[1665697038536],[{'Rex Burkhead': 'carlogesualdo'}],[],[],[6]
Harrison Bryant,llatham65,8,0.0,[1666729490893],[None],[0.0],[8],[7]
Isaiah McKenzie,petenotpetey,2,0.0,"[1665786961147, 1666704793245, 1670678067128]","[None, None, {'Brandin Cooks': 'petenotpetey'}]",[],[],"[6, 7, 14]"
James Cook,carlogesualdo,0,0.0,[1670460535486],[{'Jameson Williams': 'carlogesualdo'}],[],[],[14]
Kyren Williams,phan497,0,0.0,"[1666270180525, 1666873395913, 1668826835380]","[{'Graham Gano': 'phan497'}, {'Nyheim Hines': 'phan497'}, None]",[],[],"[7, 8, 11]"
Jameson Williams,carlogesualdo,0,0.0,[1669191784133],[{'Brandin Cooks': 'carlogesualdo'}],[],[],[12]
DeeJay Dallas,jakesmyth,5,0.0,[1665551074932],[None],[],[],[5]
Mike Gesicki,llatham65,0,0.0,[1666175927175],[None],[],[],[7]
Cole Beasley,phan497,6,0.0,[1663712411137],[{'Romeo Doubs': 'phan497'}],[],[],[2]
Mike Davis,andyhan4,0,0.0,[1662432216421],[{'Ronald Jones': 'andyhan4'}],[],[],[1]
Michael Carter,phan497,0,0.0,[1663068345914],[None],[],[],[1]
Brock Purdy,alexludtke,7,0.0,[1670346526455],[None],[],[],[13]
Brock Wright,llatham65,0,0.0,[1667389591157],[{'Greg Dulcich': 'llatham65'}],[],[],[9]
Kenny Pickett,llatham65,0,0.0,[1666176065990],[None],[],[],[7]
Caleb Huntley,carlogesualdo,0,0.0,[1664969113104],[{'Pittsburgh Steelers': 'carlogesualdo'}],[],[],[5]
Mecole Hardman,petenotpetey,1,0.0,"[1664066438681, 1667908964295]","[None, {'Baltimore Ravens': 'petenotpetey'}]",[],[],"[3, 9]"
Matt Prater,carlogesualdo,1,0.0,[1666092008484],[{'Matt Gay': 'carlogesualdo'}],[],[],[6]
Matt Breida,petenotpetey,0,0.0,[1670722581211],[{'Robert Tonyan': 'petenotpetey'}],[],[],[14]
Marquise Goodwin,carlogesualdo,0,0.0,[1666973713128],[None],[],[],[8]
Kenyan Drake,lauramarkey,5,0.0,[1663582413984],[{'George Pickens': 'lauramarkey'}],[],[],[2]
Mack Hollins,niclath95,5,0.0,[1669120368468],[None],[],[],[11]
Chuba Hubbard,llatham65,0,0.0,[1670465531266],[{'Justin Watson': 'llatham65'}],[],[],[14]
Kyren Williams,lauramarkey,0,0.0,[1669559977398],[None],[],[],[12]
Mac Jones,phan497,0,0.0,[1666185058129],[{'Jerick McKinnon': 'phan497'}],[],[],[7]
Kyren Williams,llatham65,0,0.0,[1668372750805],[{'Cam Akers': 'llatham65'}],[],[],[10]
Chuba Hubbard,carlogesualdo,0,0.0,[1666325827188],[{'J.D. McKissic': 'carlogesualdo'}],[],[],[7]
Mike White,alexludtke,20,0.0,[1670346756645],[None],[],[],[13]
Justice Hill,mattlatham,3,0.0,"[1662664983714, 1666553298321]","[None, {'Romeo Doubs': 'mattlatham'}]",[],[],"[1, 7]"
Odell Beckham,phan497,0,0.0,[1667839532916],[{'Gus Edwards': 'phan497'}],[],[],[9]
Craig Reynolds,carlogesualdo,0,0.0,[1664714100213],[None],[],[],[4]
DeAndre Carter,carlogesualdo,0,0.0,[1667512508797],[{'Marquise Goodwin': 'carlogesualdo'}],[],[],[9]
Jason Myers,llatham65,0,0.0,[1665548478880],[None],[],[],[5]
Jason Sanders,phan497,0,0.0,[1666270204667],[None],[],[],[7]
Latavius Murray,llatham65,10,0.0,[1666303209913],[None],[],[],[7]
Jaylen Warren,mattlatham,25,0.0,[1663125871266],[{'Alec Pierce': 'mattlatham'}],[],[],[1]
Darrel Williams,carlogesualdo,15,0.0,[1663721382107],[{'Kadarius Toney': 'carlogesualdo'}],[],[],[2]
Jerick McKinnon,lauramarkey,15,0.0,[1663582452168],[{'Tyrion Davis-Price': 'lauramarkey'}],[],[],[2]
Jerick McKinnon,phan497,0,0.0,[1664675263234],[None],[],[],[4]
Parris Campbell,phan497,0,0.0,[1666873411551],[None],[],[],[8]
Rex Burkhead,carlogesualdo,4,0.0,[1663114266597],[{'James Cook': 'carlogesualdo'}],[],[],[1]
Odell Beckham,llatham65,0,0.0,[1666302742344],[{'Cole Kmet': 'llatham65'}],[],[],[7]
Darius Slayton,llatham65,2,0.0,[1670592050516],[{'Zay Jones': 'llatham65'}],[],[],[14]
Jimmy Garoppolo,phan497,0,0.0,[1663685663573],[{'Jameis Winston': 'phan497'}],[],[],[2]
Noah Fant,llatham65,0,0.0,[1670465596023],[None],[0.0],[14],[14]
Noah Brown,ujthechamp,0,0.0,[1664385467945],[None],[],[],[4]
Nico Collins,phan497,0,0.0,[1668873493846],[{'Kyren Williams': 'phan497'}],[],[],[11]
DJ Chark,llatham65,0,0.0,[1666176267526],[None],[],[],[7]
Joshua Kelley,carlogesualdo,0,0.0,"[1665697183190, 1666812863435]","[{'Craig Reynolds': 'carlogesualdo'}, None]",[],[],"[6, 8]"
Minnesota Vikings,alexludtke,0,-1.0,[1670573254983],[{'New York Jets': 'alexludtke'}],[-1.0],[14],[14]
Tennessee Titans,emilyhan,0,-4.0,[1670383315777],[{'New Orleans Saints': 'emilyhan'}],[-4.0],[14],[13]
