,custom_points,matchup_id,players,players_points,points,roster_id,starters,starters_points,week
0,,2,"['BAL', '8138', '7606', '7066', '6083', '5872', '5849', '5022', '4951', '4950', '4663', '4137', '3664', '2197']","{'BAL': 13.0, '8138': -2.8, '7606': 2.3, '7066': 2.9, '6083': 6.0, '5872': 10.6, '5849': 20.62, '5022': 7.5, '4951': 13.2, '4950': 14.7, '4663': 9.2, '4137': 13.0, '3664': 6.3, '2197': 11.7}",106.32,1,"['5849', '4663', '4137', '5872', '2197', '5022', '4950', '6083', 'BAL']","[20.62, 9.2, 13.0, 10.6, 11.7, 7.5, 14.7, 6.0, 13.0]",1
1,,7,"['DAL', '8126', '8119', '7600', '7543', '6904', '5955', '5937', '5890', '5347', '4866', '4602', '391', '2449']","{'DAL': 5.0, '8126': 1.0, '8119': 16.5, '7600': 10.0, '7543': 6.5, '6904': 24.72, '5955': 2.6, '5937': 8.0, '5890': 6.8, '5347': 7.4, '4866': 29.4, '4602': 5.1, '391': 14.0, '2449': 22.2}",122.42,2,"['6904', '4866', '7543', '2449', '5937', '7600', '5955', '391', 'DAL']","[24.72, 29.4, 6.5, 22.2, 8.0, 10.0, 2.6, 14.0, 5.0]",1
2,,6,"['NE', '8153', '8129', '8121', '7525', '7523', '6806', '6790', '6130', '5012', '4983', '4040', '3678', '2306']","{'NE': 6.0, '8153': 0.0, '8129': 4.4, '8121': 6.8, '7525': 0.0, '7523': 14.4, '6806': 0.0, '6790': 25.0, '6130': 7.2, '5012': 7.7, '4983': 6.5, '4040': 6.9, '3678': 9.0, '2306': 21.66}",79.9,3,"['7523', '6790', '8129', '4983', '7525', '5012', '4040', '3678', 'NE']","[14.4, 25.0, 4.4, 6.5, 0.0, 7.7, 6.9, 9.0, 6.0]",1
3,,5,"['TB', '8112', '7553', '7090', '6828', '5110', '4199', '4149', '4068', '3294', '3225', '2431', '2133', '17']","{'TB': 13.0, '8112': 9.9, '7553': 2.9, '7090': 1.3, '6828': 17.6, '5110': 2.3, '4199': 9.1, '4149': 15.5, '4068': 2.0, '3294': 5.46, '3225': 11.3, '2431': 0.1, '2133': 25.1, '17': 1.0}",86.06,4,"['3294', '4199', '6828', '2133', '4068', '7553', '8112', '17', 'TB']","[5.46, 9.1, 17.6, 25.1, 2.0, 2.9, 9.9, 1.0, 13.0]",1
4,,5,"['BUF', '8205', '8154', '8139', '7526', '5906', '5846', '5086', '4046', '3214', '3198', '3164', '24', '1264']","{'BUF': 17.0, '8205': 11.2, '8154': 0.0, '8139': 0.0, '7526': 15.7, '5906': 1.0, '5846': 4.1, '5086': 6.1, '4046': 33.9, '3214': 3.0, '3198': 7.2, '3164': 5.4, '24': 12.28, '1264': 6.0}",96.4,5,"['4046', '3198', '3164', '7526', '5846', '5906', '5086', '1264', 'BUF']","[33.9, 7.2, 5.4, 15.7, 4.1, 1.0, 6.1, 6.0, 17.0]",1
5,,1,"['DEN', '8144', '7528', '5917', '5892', '4881', '3202', '3199', '2216', '1825', '1535', '1433', '1339', '1166']","{'DEN': 8.0, '8144': 7.6, '7528': 9.6, '5917': 9.1, '5892': 6.5, '4881': 21.22, '3202': 1.1, '3199': 20.2, '2216': 15.6, '1825': 14.9, '1535': 21.1, '1433': 10.0, '1339': 10.4, '1166': 19.08}",122.62,6,"['4881', '7528', '5892', '2216', '3199', '1339', '1535', '1433', 'DEN']","[21.22, 9.6, 6.5, 15.6, 20.2, 10.4, 21.1, 10.0, 8.0]",1
6,,3,"['NO', '8168', '8167', '8136', '7610', '7596', '6819', '6151', '5848', '5045', '4666', '4035', '2028', '1466']","{'NO': 8.0, '8168': 3.5, '8167': 5.1, '8136': 3.1, '7610': 9.96, '7596': 7.4, '6819': 22.6, '6151': 17.5, '5848': 12.3, '5045': 9.2, '4666': 18.0, '4035': 6.1, '2028': 14.8, '1466': 22.1}",125.76,7,"['7610', '4035', '6151', '6819', '5045', '1466', '5848', '4666', 'NO']","[9.96, 6.1, 17.5, 22.6, 9.2, 22.1, 12.3, 18.0, 8.0]",1
7,,1,"['CIN', '947', '7588', '7062', '6797', '6794', '6783', '6768', '5916', '5185', '5000', '4089', '4037', '2320']","{'CIN': 3.0, '947': 10.1, '7588': 13.3, '7062': 8.0, '6797': 23.26, '6794': 34.9, '6783': 18.2, '6768': 13.8, '5916': 9.8, '5185': 0.0, '5000': 8.5, '4089': 12.9, '4037': 5.0, '2320': 5.2}",132.16,8,"['6797', '7588', '5000', '6794', '6783', '4089', '947', '7062', 'CIN']","[23.26, 13.3, 8.5, 34.9, 18.2, 12.9, 10.1, 8.0, 3.0]",1
8,,3,"['LAC', '96', '7569', '6955', '6886', '6820', '6126', '5859', '4227', '4217', '4034', '2749', '1992', '1426']","{'LAC': 16.0, '96': 3.7, '7569': 3.6, '6955': 19.4, '6886': 7.4, '6820': 20.9, '6126': 0.0, '5859': 20.5, '4227': 9.0, '4217': 0.0, '4034': 13.7, '2749': 3.7, '1992': 1.7, '1426': 0.0}",92.9,9,"['96', '4034', '6820', '5859', '1992', '6126', '6886', '4227', 'LAC']","[3.7, 13.7, 20.9, 20.5, 1.7, 0.0, 7.4, 9.0, 16.0]",1
9,,6,"['CLE', '8155', '8146', '8132', '7839', '7564', '6943', '6843', '6786', '5927', '5844', '4985', '421', '4017']","{'CLE': 7.0, '8155': 6.1, '8146': 7.2, '8132': 0.0, '7839': 6.0, '7564': 23.9, '6943': 16.8, '6843': 5.8, '6786': 3.9, '5927': 12.8, '5844': 5.8, '4985': 6.7, '421': 9.8, '4017': 0.0}",82.0,10,"['421', '8155', '4985', '7564', '6786', '5844', '5927', '7839', 'CLE']","[9.8, 6.1, 6.7, 23.9, 3.9, 5.8, 12.8, 6.0, 7.0]",1
10,,4,"['GB', '8137', '7611', '7594', '7567', '7527', '6803', '650', '5850', '5001', '4018', '3321', '2309', '167']","{'GB': 1.0, '8137': 0.8, '7611': 3.7, '7594': 0.3, '7567': 10.2, '7527': 8.52, '6803': 5.7, '650': 1.0, '5850': 7.8, '5001': 9.7, '4018': 18.0, '3321': 13.0, '2309': 3.2, '167': 11.38}",70.78,11,"['167', '4018', '5850', '3321', '2309', '5001', '6803', '650', 'GB']","[11.38, 18.0, 7.8, 13.0, 3.2, 9.7, 5.7, 1.0, 1.0]",1
11,,7,"['LAR', '7670', '7042', '6801', '6770', '5967', '4197', '4098', '4033', '4029', '3969', '2505', '2374', '2319']","{'LAR': 11.0, '7670': 2.4, '7042': 8.0, '6801': 3.7, '6770': 20.22, '5967': 3.2, '4197': 8.9, '4098': 21.0, '4033': 1.2, '4029': 12.3, '3969': 14.7, '2505': 9.9, '2374': 4.3, '2319': 1.4}",105.12,12,"['6770', '4029', '3969', '6801', '2374', '2505', '4098', '7042', 'LAR']","[20.22, 12.3, 14.7, 3.7, 4.3, 9.9, 21.0, 8.0, 11.0]",1
12,,4,"['SF', '8151', '8135', '7608', '6945', '6938', '6826', '5947', '5095', '4988', '4039', '3271', '1689', '1234']","{'SF': 5.0, '8151': 0.0, '8135': 7.0, '7608': 10.8, '6945': 16.5, '6938': 0.0, '6826': 0.0, '5947': 8.2, '5095': 9.0, '4988': 14.8, '4039': 25.3, '3271': 6.4, '1689': 5.1, '1234': 17.8}",93.5,13,"['1234', '4988', '6938', '4039', '1689', '6826', '6945', '5095', 'SF']","[17.8, 14.8, 0.0, 25.3, 5.1, 0.0, 16.5, 9.0, 5.0]",1
13,,2,"['IND', '956', '8148', '8142', '7571', '7561', '7547', '6813', '5995', '5987', '5038', '4993', '4984', '1479', '1352', '1348']","{'IND': 7.0, '956': -0.2, '8148': 0.0, '8142': 0.0, '7571': 12.9, '7561': 4.1, '7547': 16.4, '6813': 25.5, '5995': 2.1, '5987': 3.6, '5038': 0.0, '4993': 0.6, '4984': 33.48, '1479': 8.6, '1352': 1.8, '1348': 6.0}",114.58,14,"['4984', '6813', '7561', '1479', '7547', '4993', '7571', '1348', 'IND']","[33.48, 25.5, 4.1, 8.6, 16.4, 0.6, 12.9, 6.0, 7.0]",1
14,,1,"['BAL', '7606', '6083', '5872', '5849', '5022', '4951', '4950', '4663', '4137', '4082', '3664', '2197', '1387']","{'BAL': 7.0, '7606': 1.0, '6083': 7.0, '5872': 11.2, '5849': 26.88, '5022': 10.7, '4951': 0.0, '4950': 22.8, '4663': 13.9, '4137': 6.1, '4082': 19.4, '3664': 9.8, '2197': 7.4, '1387': 1.9}",112.98,1,"['5849', '4663', '4137', '5872', '2197', '5022', '4950', '6083', 'BAL']","[26.88, 13.9, 6.1, 11.2, 7.4, 10.7, 22.8, 7.0, 7.0]",2
15,,7,"['DEN', 'DAL', '8126', '8119', '7600', '7543', '6904', '5955', '5937', '5890', '5347', '4866', '4602', '391', '2449']","{'DEN': 9.0, 'DAL': 8.0, '8126': 0.0, '8119': 15.9, '7600': 10.2, '7543': 6.8, '6904': 33.02, '5955': 5.4, '5937': 10.7, '5890': 15.7, '5347': 5.7, '4866': 10.3, '4602': 2.1, '391': 10.0, '2449': 38.8}",134.22,2,"['6904', '4866', '7543', '2449', '5937', '7600', '5955', '391', 'DEN']","[33.02, 10.3, 6.8, 38.8, 10.7, 10.2, 5.4, 10.0, 9.0]",2
16,,5,"['NE', '8129', '8121', '7607', '7525', '7523', '6806', '6790', '6130', '5012', '4983', '4381', '4040', '3678', '2306']","{'NE': 7.0, '8129': 8.2, '8121': 3.7, '7607': 7.5, '7525': 11.5, '7523': 18.5, '6806': 0.0, '6790': 15.7, '6130': 3.1, '5012': 21.2, '4983': 11.8, '4381': 1.4, '4040': 2.5, '3678': 4.0, '2306': 9.64}",95.3,3,"['7523', '6790', '6130', '4983', '4040', '5012', '7525', '3678', 'NE']","[18.5, 15.7, 3.1, 11.8, 2.5, 21.2, 11.5, 4.0, 7.0]",2
17,,6,"['TB', '8112', '7553', '7090', '6828', '5110', '4199', '4149', '4068', '3225', '3161', '2431', '2133', '17']","{'TB': 29.0, '8112': 20.6, '7553': 2.9, '7090': 0.1, '6828': 7.2, '5110': 5.3, '4199': 30.5, '4149': 6.5, '4068': 21.3, '3225': 4.7, '3161': 27.78, '2431': 0.4, '2133': 8.2, '17': 1.0}",148.48,4,"['3161', '4199', '6828', '2133', '4068', '7553', '8112', '17', 'TB']","[27.78, 30.5, 7.2, 8.2, 21.3, 2.9, 20.6, 1.0, 29.0]",2
18,,4,"['BUF', '8205', '8154', '8139', '7526', '5906', '5846', '5086', '4046', '3214', '3198', '3164', '24', '1264']","{'BUF': 19.0, '8205': 0.6, '8154': 0.0, '8139': 0.2, '7526': 34.6, '5906': 6.1, '5846': 5.5, '5086': 2.3, '4046': 17.3, '3214': 0.0, '3198': 8.5, '3164': 5.4, '24': 3.8, '1264': 10.0}",108.7,5,"['4046', '3198', '3164', '7526', '5846', '5906', '5086', '1264', 'BUF']","[17.3, 8.5, 5.4, 34.6, 5.5, 6.1, 2.3, 10.0, 19.0]",2
19,,1,"['PIT', '8144', '7528', '5917', '5892', '4881', '3202', '3199', '2216', '1825', '1535', '1433', '1339', '1166']","{'PIT': 3.0, '8144': 7.5, '7528': 11.4, '5917': 6.0, '5892': 14.6, '4881': 41.62, '3202': 2.4, '3199': 15.5, '2216': 7.6, '1825': 4.5, '1535': 4.1, '1433': 12.0, '1339': 11.5, '1166': 10.84}",121.32,6,"['4881', '7528', '5892', '2216', '3199', '1339', '1535', '1433', 'PIT']","[41.62, 11.4, 14.6, 7.6, 15.5, 11.5, 4.1, 12.0, 3.0]",2
20,,2,"['NO', '956', '8168', '8167', '8136', '7610', '7596', '6819', '6151', '5848', '5045', '4666', '4035', '2028', '1466']","{'NO': 4.0, '956': 4.1, '8168': 0.0, '8167': 2.4, '8136': 0.1, '7610': 2.5, '7596': 5.0, '6819': 0.0, '6151': 10.1, '5848': 9.8, '5045': 16.2, '4666': 4.0, '4035': 0.0, '2028': 18.98, '1466': 7.6}",79.78,7,"['2028', '956', '6151', '7596', '5045', '1466', '5848', '4666', 'NO']","[18.98, 4.1, 10.1, 5.0, 16.2, 7.6, 9.8, 4.0, 4.0]",2
21,,2,"['CIN', '947', '7588', '6824', '6797', '6794', '6783', '6768', '5916', '5185', '5000', '49', '4089', '4037', '2320']","{'CIN': 5.0, '947': 0.0, '7588': 9.0, '6824': 0.0, '6797': 24.46, '6794': 7.8, '6783': 1.7, '6768': 40.86, '5916': 10.7, '5185': 8.3, '5000': 4.6, '49': 8.0, '4089': 10.1, '4037': 0.0, '2320': 5.8}",81.36,8,"['6797', '7588', '5000', '6794', '6783', '4089', '5916', '49', 'CIN']","[24.46, 9.0, 4.6, 7.8, 1.7, 10.1, 10.7, 8.0, 5.0]",2
22,,4,"['LAC', '96', '6955', '6886', '6820', '5859', '4973', '4227', '4217', '4195', '4034', '2749', '1992', '1426', '1373']","{'LAC': 1.0, '96': 15.36, '6955': 14.8, '6886': 4.6, '6820': 13.8, '5859': 9.4, '4973': 4.9, '4227': 0.0, '4217': 0.0, '4195': 5.0, '4034': 14.8, '2749': 9.4, '1992': 13.3, '1426': 0.0, '1373': 7.08}",92.36,9,"['96', '4034', '6820', '5859', '1992', '4973', '6955', '4195', 'LAC']","[15.36, 14.8, 13.8, 9.4, 13.3, 4.9, 14.8, 5.0, 1.0]",2
23,,7,"['CLE', '8155', '8146', '8132', '7839', '7564', '6943', '6843', '6786', '5927', '5844', '4985', '421', '4017']","{'CLE': 5.0, '8155': 12.5, '8146': 26.0, '8132': 3.0, '7839': 13.0, '7564': 8.3, '6943': 0.0, '6843': 0.0, '6786': 11.6, '5927': 10.2, '5844': 4.1, '4985': 1.5, '421': 20.88, '4017': 0.0}",87.08,10,"['421', '8155', '4985', '7564', '6786', '5844', '5927', '7839', 'CLE']","[20.88, 12.5, 1.5, 8.3, 11.6, 4.1, 10.2, 13.0, 5.0]",2
24,,3,"['GB', '8211', '8137', '7611', '7567', '7527', '6803', '650', '5850', '5001', '4018', '3321', '2309', '167']","{'GB': 9.0, '8211': 3.3, '8137': 2.8, '7611': 5.6, '7567': 2.3, '7527': 13.68, '6803': 8.8, '650': 4.0, '5850': 8.6, '5001': -0.2, '4018': 9.8, '3321': 36.5, '2309': 20.6, '167': 8.4}",105.5,11,"['167', '4018', '5850', '3321', '2309', '5001', '6803', '650', 'GB']","[8.4, 9.8, 8.6, 36.5, 20.6, -0.2, 8.8, 4.0, 9.0]",2
25,,6,"['LAR', '7670', '7042', '6801', '6770', '5967', '4098', '4033', '4029', '3969', '2750', '2505', '2374', '2319']","{'LAR': 10.0, '7670': 11.0, '7042': 12.0, '6801': 16.1, '6770': 15.56, '5967': 17.8, '4098': 8.4, '4033': 4.7, '4029': 5.6, '3969': 8.4, '2750': 7.0, '2505': 14.0, '2374': 15.2, '2319': 0.0}",91.96,12,"['6770', '4029', '3969', '7670', '2750', '2505', '4098', '7042', 'LAR']","[15.56, 5.6, 8.4, 11.0, 7.0, 14.0, 8.4, 12.0, 10.0]",2
26,,5,"['SF', '8151', '8135', '7608', '6945', '6938', '6826', '5947', '5095', '4988', '4039', '3271', '1689', '1234']","{'SF': 11.0, '8151': 2.5, '8135': 6.7, '7608': 4.6, '6945': 11.1, '6938': 7.2, '6826': 0.0, '5947': 14.0, '5095': 13.0, '4988': 30.8, '4039': 25.3, '3271': 10.6, '1689': 7.2, '1234': 12.06}",128.26,13,"['1234', '4988', '6938', '4039', '1689', '3271', '6945', '5095', 'SF']","[12.06, 30.8, 7.2, 25.3, 7.2, 10.6, 11.1, 13.0, 11.0]",2
27,,3,"['IND', '8228', '8148', '7571', '7561', '7547', '6813', '5987', '5284', '5038', '4993', '4984', '3423', '1479', '1352', '1348']","{'IND': 0.0, '8228': 2.0, '8148': 0.0, '7571': 18.8, '7561': 0.0, '7547': 34.9, '6813': 6.8, '5987': 2.9, '5284': 11.3, '5038': 0.0, '4993': 12.1, '4984': 29.68, '3423': 1.7, '1479': 0.0, '1352': 5.9, '1348': 6.0}",121.28,14,"['4984', '6813', '5284', '7571', '7547', '4993', '3423', '1348', 'IND']","[29.68, 6.8, 11.3, 18.8, 34.9, 12.1, 1.7, 6.0, 0.0]",2
28,,2,"['BAL', '6083', '5872', '5849', '5549', '5022', '4951', '4950', '4663', '4137', '4082', '3664', '2197', '1387']","{'BAL': 13.0, '6083': 9.0, '5872': 10.4, '5849': 12.36, '5549': 0.7, '5022': 10.1, '4951': 6.1, '4950': 16.2, '4663': 9.3, '4137': 7.2, '4082': 9.6, '3664': 7.0, '2197': 3.2, '1387': 5.0}",90.76,1,"['5849', '4663', '4137', '5872', '2197', '5022', '4950', '6083', 'BAL']","[12.36, 9.3, 7.2, 10.4, 3.2, 10.1, 16.2, 9.0, 13.0]",3
29,,6,"['DAL', '8126', '8119', '7600', '7543', '6904', '5955', '5937', '5917', '5890', '5347', '4866', '4602', '391', '2449']","{'DAL': 10.0, '8126': 0.0, '8119': 2.0, '7600': 5.1, '7543': 9.0, '6904': 27.6, '5955': 0.0, '5937': 12.4, '5917': 0.7, '5890': 11.6, '5347': 5.5, '4866': 20.6, '4602': 6.7, '391': 8.0, '2449': 10.9}",115.2,2,"['6904', '4866', '7543', '2449', '5937', '7600', '5890', '391', 'DAL']","[27.6, 20.6, 9.0, 10.9, 12.4, 5.1, 11.6, 8.0, 10.0]",3
30,,4,"['NE', '8129', '7607', '7525', '7523', '6806', '6790', '6130', '5012', '4983', '4381', '4040', '3678', '1144']","{'NE': 5.0, '8129': 15.1, '7607': 5.1, '7525': 26.9, '7523': 25.18, '6806': 5.0, '6790': 6.1, '6130': 19.6, '5012': 24.9, '4983': 2.0, '4381': 0.0, '4040': 11.4, '3678': 0.0, '1144': 2.7}",114.68,3,"['7523', '6790', '6130', '4983', '7525', '5012', '6806', '3678', 'NE']","[25.18, 6.1, 19.6, 2.0, 26.9, 24.9, 5.0, 0.0, 5.0]",3
31,,7,"['TB', '8112', '7553', '7090', '6828', '5110', '4199', '4149', '4068', '3225', '3163', '3161', '2133', '17']","{'TB': 8.0, '8112': 12.9, '7553': 11.2, '7090': 3.3, '6828': 4.8, '5110': 17.7, '4199': 3.2, '4149': 23.7, '4068': 8.0, '3225': 18.5, '3163': 14.88, '3161': 6.64, '2133': 11.7, '17': 14.0}",88.68,4,"['3163', '4199', '6828', '2133', '4068', '7553', '8112', '17', 'TB']","[14.88, 3.2, 4.8, 11.7, 8.0, 11.2, 12.9, 14.0, 8.0]",3
32,,3,"['BUF', '8205', '8154', '8139', '7526', '5906', '5846', '5086', '4046', '3214', '3198', '3164', '24', '1264']","{'BUF': 4.0, '8205': -0.1, '8154': 0.0, '8139': 0.0, '7526': 13.1, '5906': 4.5, '5846': 14.9, '5086': 6.8, '4046': 18.08, '3214': 1.3, '3198': 22.8, '3164': 14.0, '24': 13.28, '1264': 8.0}",106.18,5,"['4046', '3198', '3164', '7526', '5846', '5906', '5086', '1264', 'BUF']","[18.08, 22.8, 14.0, 13.1, 14.9, 4.5, 6.8, 8.0, 4.0]",3
33,,1,"['CHI', '8144', '7528', '6847', '5892', '4881', '4036', '3199', '2216', '1825', '1535', '1433', '1339', '1166']","{'CHI': 8.0, '8144': 19.2, '7528': 10.6, '6847': 9.3, '5892': 1.1, '4881': 40.42, '4036': 3.7, '3199': 7.4, '2216': 0.0, '1825': 3.2, '1535': 21.8, '1433': 4.0, '1339': 7.5, '1166': 18.3}",110.12,6,"['4881', '7528', '5892', '3199', '6847', '1339', '1535', '1433', 'CHI']","[40.42, 10.6, 1.1, 7.4, 9.3, 7.5, 21.8, 4.0, 8.0]",3
34,,1,"['NO', '956', '8168', '8167', '8136', '7610', '7596', '6819', '6151', '5848', '5045', '4666', '4035', '2028', '1466']","{'NO': 4.0, '956': 7.8, '8168': -3.0, '8167': 0.0, '8136': 0.0, '7610': 0.0, '7596': 6.9, '6819': 11.2, '6151': 4.9, '5848': 21.0, '5045': 13.7, '4666': 12.0, '4035': 5.3, '2028': 20.82, '1466': 15.9}",108.82,7,"['2028', '4035', '6151', '6819', '5045', '1466', '5848', '4666', 'NO']","[20.82, 5.3, 4.9, 11.2, 13.7, 15.9, 21.0, 12.0, 4.0]",3
35,,3,"['PHI', '947', '7617', '7588', '6797', '6794', '6783', '6768', '5916', '5272', '5185', '5000', '4089', '4037', '2320']","{'PHI': 20.0, '947': 0.0, '7617': 1.0, '7588': 7.5, '6797': 12.58, '6794': 2.9, '6783': 2.7, '6768': 11.44, '5916': 1.7, '5272': 2.0, '5185': 12.5, '5000': 15.2, '4089': 3.5, '4037': 0.0, '2320': 12.0}",63.24,8,"['6768', '7588', '5916', '6794', '5185', '4089', '6783', '7617', 'PHI']","[11.44, 7.5, 1.7, 2.9, 12.5, 3.5, 2.7, 1.0, 20.0]",3
36,,5,"['LAC', '96', '6955', '6886', '6820', '5859', '4973', '4227', '4217', '4195', '4034', '2749', '1992', '1426', '1373']","{'LAC': -4.0, '96': 17.1, '6955': 19.1, '6886': 6.1, '6820': 12.4, '5859': 17.0, '4973': 1.2, '4227': 0.0, '4217': 4.8, '4195': 6.0, '4034': 12.5, '2749': 1.1, '1992': 3.3, '1426': 0.0, '1373': 19.9}",88.2,9,"['96', '4034', '6820', '5859', '1992', '4217', '6955', '4195', 'LAC']","[17.1, 12.5, 12.4, 17.0, 3.3, 4.8, 19.1, 6.0, -4.0]",3
37,,7,"['CLE', '8155', '8146', '8132', '7839', '7564', '6943', '6843', '6786', '5927', '5844', '4985', '421', '4017']","{'CLE': 11.0, '8155': 12.2, '8146': 9.0, '8132': 3.5, '7839': 9.0, '7564': 8.7, '6943': 5.2, '6843': 1.7, '6786': 18.7, '5927': 13.2, '5844': 9.3, '4985': 7.4, '421': 10.16, '4017': 0.0}",99.66,10,"['421', '8155', '4985', '7564', '6786', '5844', '5927', '7839', 'CLE']","[10.16, 12.2, 7.4, 8.7, 18.7, 9.3, 13.2, 9.0, 11.0]",3
38,,2,"['GB', '7611', '7567', '7527', '6803', '650', '6126', '5850', '5001', '4018', '3321', '3242', '2309', '167']","{'GB': 13.0, '7611': 18.1, '7567': 0.6, '7527': 18.94, '6803': 11.4, '650': 10.0, '6126': 4.2, '5850': 11.2, '5001': 0.0, '4018': 5.3, '3321': 4.3, '3242': 0.0, '2309': 19.6, '167': 14.74}",93.74,11,"['167', '4018', '5850', '3321', '2309', '6126', '6803', '650', 'GB']","[14.74, 5.3, 11.2, 4.3, 19.6, 4.2, 11.4, 10.0, 13.0]",3
39,,5,"['LAR', '7670', '7591', '7042', '6801', '6770', '5967', '4098', '4033', '4029', '3969', '2505', '2374', '2319']","{'LAR': 6.0, '7670': 12.9, '7591': 4.94, '7042': 4.0, '6801': 11.8, '6770': 23.0, '5967': 10.5, '4098': 7.6, '4033': 19.4, '4029': 12.6, '3969': 9.5, '2505': 3.7, '2374': 12.1, '2319': 18.1}",93.2,12,"['6770', '4029', '5967', '6801', '2374', '2505', '3969', '7042', 'LAR']","[23.0, 12.6, 10.5, 11.8, 12.1, 3.7, 9.5, 4.0, 6.0]",3
40,,6,"['SF', '8151', '8135', '7608', '6945', '6938', '6826', '5947', '5095', '4988', '4039', '3271', '1689', '1234']","{'SF': 10.0, '8151': 4.8, '8135': 2.6, '7608': 29.9, '6945': 10.5, '6938': 9.1, '6826': 5.0, '5947': 0.0, '5095': 10.0, '4988': 17.3, '4039': 14.4, '3271': 8.1, '1689': 15.1, '1234': 9.06}",103.56,13,"['1234', '4988', '6938', '4039', '1689', '3271', '6945', '5095', 'SF']","[9.06, 17.3, 9.1, 14.4, 15.1, 8.1, 10.5, 10.0, 10.0]",3
41,,4,"['CIN', '8228', '8148', '7571', '7561', '7547', '6813', '5987', '5284', '5038', '4993', '4984', '3423', '1479', '1352', '1348']","{'CIN': 19.0, '8228': 2.8, '8148': 0.0, '7571': 3.9, '7561': 0.0, '7547': 10.3, '6813': 10.6, '5987': 10.9, '5284': 9.1, '5038': 0.0, '4993': 1.1, '4984': 23.7, '3423': 1.9, '1479': 0.0, '1352': 10.5, '1348': 4.0}",81.7,14,"['4984', '6813', '5284', '7571', '7547', '4993', '5038', '1348', 'CIN']","[23.7, 10.6, 9.1, 3.9, 10.3, 1.1, 0.0, 4.0, 19.0]",3
42,,3,"['PIT', 'BAL', '6659', '6083', '5872', '5849', '5022', '4951', '4950', '4663', '4137', '4082', '3664', '2197', '1387']","{'PIT': 5.0, 'BAL': 6.0, '6659': 4.7, '6083': 9.0, '5872': 20.7, '5849': 22.88, '5022': 9.7, '4951': 0.0, '4950': 7.3, '4663': 30.9, '4137': 9.2, '4082': 5.8, '3664': 7.1, '2197': 15.2, '1387': 12.4}",120.48,1,"['5849', '4663', '4137', '4082', '4950', '5022', '5872', '6083', 'PIT']","[22.88, 30.9, 9.2, 5.8, 7.3, 9.7, 20.7, 9.0, 5.0]",4
43,,5,"['DAL', '8126', '8119', '7600', '7543', '6904', '5955', '5937', '5917', '5890', '5347', '4866', '4602', '4080', '391', '2449']","{'DAL': 11.0, '8126': 0.0, '8119': 11.8, '7600': 12.0, '7543': 3.2, '6904': 15.96, '5955': 0.0, '5937': 3.2, '5917': 0.9, '5890': 14.9, '5347': 1.3, '4866': 17.2, '4602': 9.2, '4080': 0.0, '391': 8.0, '2449': 8.2}",93.66,2,"['6904', '4866', '7543', '2449', '5937', '7600', '5890', '391', 'DAL']","[15.96, 17.2, 3.2, 8.2, 3.2, 12.0, 14.9, 8.0, 11.0]",4
44,,3,"['NE', 'MIN', '8129', '7607', '7525', '7523', '6806', '6790', '6130', '503', '5012', '4983', '4177', '4040', '2161']","{'NE': 12.0, 'MIN': 7.0, '8129': 22.9, '7607': 2.9, '7525': 3.2, '7523': 2.66, '6806': 20.3, '6790': 0.0, '6130': 8.6, '503': 9.0, '5012': 2.5, '4983': 9.1, '4177': 4.8, '4040': 7.1, '2161': 0.5}",69.76,3,"['7523', '8129', '6130', '4983', '7525', '5012', '4177', '503', 'MIN']","[2.66, 22.9, 8.6, 9.1, 3.2, 2.5, 4.8, 9.0, 7.0]",4
45,,7,"['TB', '8112', '7553', '6828', '5133', '5110', '4199', '4149', '4068', '3225', '3163', '3161', '2133', '17']","{'TB': 1.0, '8112': 2.7, '7553': 3.0, '6828': 8.9, '5133': 6.7, '5110': 3.4, '4199': 13.0, '4149': 23.4, '4068': 15.5, '3225': 6.62, '3163': 34.22, '3161': 9.3, '2133': 15.0, '17': 8.0}",115.82,4,"['3163', '4199', '4149', '2133', '4068', '7553', '8112', '17', 'TB']","[34.22, 13.0, 23.4, 15.0, 15.5, 3.0, 2.7, 8.0, 1.0]",4
46,,2,"['BUF', '8205', '8154', '8139', '7526', '5906', '5846', '5086', '4234', '4046', '3214', '3198', '3164', '24', '1264']","{'BUF': 7.0, '8205': 6.3, '8154': 0.0, '8139': 2.4, '7526': 4.9, '5906': 5.5, '5846': 18.4, '5086': 7.8, '4234': 7.6, '4046': 24.36, '3214': 2.3, '3198': 22.2, '3164': 9.1, '24': 16.84, '1264': 11.0}",110.26,5,"['4046', '3198', '3164', '7526', '5846', '5906', '5086', '1264', 'BUF']","[24.36, 22.2, 9.1, 4.9, 18.4, 5.5, 7.8, 11.0, 7.0]",4
47,,1,"['CHI', '8144', '7528', '6847', '5892', '4881', '4036', '3199', '2216', '1825', '1535', '1433', '1339', '1166']","{'CHI': 7.0, '8144': 14.7, '7528': 7.4, '6847': 7.1, '5892': 0.0, '4881': 15.06, '4036': 15.9, '3199': 0.0, '2216': 26.3, '1825': 3.7, '1535': 9.8, '1433': 4.0, '1339': 13.7, '1166': 13.92}",105.06,6,"['4881', '7528', '1535', '2216', '8144', '1339', '6847', '1433', 'CHI']","[15.06, 7.4, 9.8, 26.3, 14.7, 13.7, 7.1, 4.0, 7.0]",4
48,,2,"['NO', '956', '8168', '8167', '8136', '7610', '7596', '6819', '6151', '5848', '5045', '4666', '4035', '2028', '1466']","{'NO': 4.0, '956': 5.8, '8168': 4.1, '8167': 8.8, '8136': 11.1, '7610': 0.0, '7596': 7.0, '6819': 4.6, '6151': 28.6, '5848': 17.8, '5045': 13.7, '4666': 12.0, '4035': 0.0, '2028': 11.52, '1466': 19.7}",111.92,7,"['2028', '4035', '6151', '6819', '5045', '1466', '5848', '4666', 'NO']","[11.52, 0.0, 28.6, 4.6, 13.7, 19.7, 17.8, 12.0, 4.0]",4
49,,4,"['PHI', '947', '7588', '6797', '6794', '6783', '6768', '5916', '5185', '5000', '4958', '4089', '4037', '2320']","{'PHI': 18.0, '947': 1.2, '7588': 3.2, '6797': 21.1, '6794': 26.0, '6783': 13.3, '6768': 3.4, '5916': 5.4, '5185': 14.6, '5000': 9.0, '4958': 15.0, '4089': 14.6, '4037': 9.4, '2320': -2.2}",105.9,8,"['6768', '7588', '2320', '6794', '5185', '4089', '6783', '4958', 'PHI']","[3.4, 3.2, -2.2, 26.0, 14.6, 14.6, 13.3, 15.0, 18.0]",4
50,,6,"['LAC', '96', '6955', '6886', '6820', '5859', '4973', '4227', '4217', '4195', '4034', '2749', '1992', '1426', '1373']","{'LAC': 9.0, '96': 17.14, '6955': 1.9, '6886': 0.0, '6820': 21.9, '5859': 12.0, '4973': 10.2, '4227': 0.0, '4217': 3.4, '4195': 4.0, '4034': 21.3, '2749': 9.1, '1992': 1.7, '1426': 0.0, '1373': 31.7}",92.34,9,"['96', '4034', '6820', '5859', '1992', '4217', '6955', '4195', 'LAC']","[17.14, 21.3, 21.9, 12.0, 1.7, 3.4, 1.9, 4.0, 9.0]",4
51,,6,"['CLE', '8155', '8146', '8132', '7839', '7564', '6943', '6843', '6786', '5927', '5844', '4985', '421', '4017']","{'CLE': 3.0, '8155': 14.8, '8146': 5.1, '8132': 10.9, '7839': 11.0, '7564': 10.1, '6943': 1.8, '6843': 0.0, '6786': 18.7, '5927': 2.5, '5844': 35.9, '4985': 28.2, '421': 6.76, '4017': 0.0}",133.56,10,"['421', '8155', '4985', '7564', '6786', '5844', '8146', '7839', 'CLE']","[6.76, 14.8, 28.2, 10.1, 18.7, 35.9, 5.1, 11.0, 3.0]",4
52,,1,"['GB', '7611', '7567', '6803', '650', '6126', '5850', '5001', '4018', '3321', '3242', '2309', '167']","{'GB': 8.0, '7611': 10.9, '7567': 8.2, '6803': 5.7, '650': 6.0, '6126': 3.8, '5850': 32.0, '5001': 0.0, '4018': 15.4, '3321': 20.9, '3242': 0.0, '2309': 1.4, '167': 24.4}",113.8,11,"['167', '4018', '5850', '3321', '2309', '5001', '6803', '650', 'GB']","[24.4, 15.4, 32.0, 20.9, 1.4, 0.0, 5.7, 6.0, 8.0]",4
53,,4,"['LAR', '7670', '7591', '7042', '6801', '6770', '5967', '4098', '4033', '4029', '3969', '2505', '2374', '2319']","{'LAR': 2.0, '7670': 3.0, '7591': 9.16, '7042': 11.0, '6801': 21.9, '6770': 20.08, '5967': 1.3, '4098': 7.8, '4033': 6.2, '4029': 9.6, '3969': 14.9, '2505': 3.9, '2374': 9.1, '2319': 9.4}",96.88,12,"['6770', '3969', '4098', '6801', '2374', '2505', '4033', '7042', 'LAR']","[20.08, 14.9, 7.8, 21.9, 9.1, 3.9, 6.2, 11.0, 2.0]",4
54,,7,"['SF', '8151', '8135', '7608', '6945', '6938', '6826', '5947', '5095', '4988', '4039', '3271', '1689', '1234']","{'SF': 22.0, '8151': 2.9, '8135': 2.8, '7608': 10.6, '6945': 7.8, '6938': 1.3, '6826': 3.1, '5947': 0.0, '5095': 13.0, '4988': 19.7, '4039': 19.2, '3271': 12.3, '1689': 11.2, '1234': 26.98}",142.78,13,"['1234', '4988', '7608', '4039', '1689', '3271', '6945', '5095', 'SF']","[26.98, 19.7, 10.6, 19.2, 11.2, 12.3, 7.8, 13.0, 22.0]",4
55,,5,"['CIN', '8148', '8121', '7571', '7561', '7547', '6813', '5987', '5284', '5038', '4993', '4984', '4171', '1479', '1352', '1348']","{'CIN': 8.0, '8148': 0.0, '8121': 10.2, '7571': 3.2, '7561': 0.0, '7547': 0.0, '6813': 1.8, '5987': 8.3, '5284': 13.4, '5038': 9.4, '4993': 3.3, '4984': 23.52, '4171': 17.6, '1479': 0.0, '1352': 11.0, '1348': 10.0}",89.12,14,"['4984', '6813', '5284', '4171', '7571', '4993', '5987', '1348', 'CIN']","[23.52, 1.8, 13.4, 17.6, 3.2, 3.3, 8.3, 10.0, 8.0]",4
56,,4,"['JAX', '7741', '6659', '6083', '5872', '5849', '5022', '4950', '4663', '4137', '4082', '3664', '2197', '1387']","{'JAX': 5.0, '7741': 3.4, '6659': 10.7, '6083': 3.0, '5872': 10.2, '5849': 17.2, '5022': 13.5, '4950': 1.6, '4663': 33.9, '4137': 6.8, '4082': 9.2, '3664': 6.2, '2197': 4.0, '1387': 3.8}",100.4,1,"['5849', '4663', '4137', '4082', '4950', '5022', '5872', '6083', 'JAX']","[17.2, 33.9, 6.8, 9.2, 1.6, 13.5, 10.2, 3.0, 5.0]",5
57,,4,"['DAL', '8121', '8119', '7600', '7543', '6904', '5955', '5937', '5890', '5347', '4866', '4602', '4080', '391', '2449', '1476']","{'DAL': 25.0, '8121': 4.4, '8119': 0.0, '7600': 2.2, '7543': 12.9, '6904': 27.66, '5955': 4.5, '5937': 8.5, '5890': 1.7, '5347': 1.3, '4866': 18.1, '4602': 4.3, '4080': 2.7, '391': 8.0, '2449': 20.2, '1476': 0.0}",112.66,2,"['6904', '4866', '5347', '2449', '5937', '7600', '5890', '391', 'DAL']","[27.66, 18.1, 1.3, 20.2, 8.5, 2.2, 1.7, 8.0, 25.0]",5
58,,2,"['NE', 'MIN', '8129', '7607', '7525', '7523', '6806', '6790', '6130', '503', '5012', '4983', '4177', '4040', '2161']","{'NE': 23.0, 'MIN': 6.0, '8129': 18.8, '7607': 16.3, '7525': 13.7, '7523': 12.34, '6806': 4.4, '6790': 0.0, '6130': 5.1, '503': 10.0, '5012': 18.9, '4983': 8.7, '4177': 0.0, '4040': 4.8, '2161': 8.2}",94.04,3,"['7523', '8129', '6806', '7525', '4040', '5012', '6130', '503', 'MIN']","[12.34, 18.8, 4.4, 13.7, 4.8, 18.9, 5.1, 10.0, 6.0]",5
59,,6,"['TB', '8112', '7553', '6828', '5230', '5133', '5110', '4199', '4149', '4068', '3225', '3163', '3161', '2133']","{'TB': 7.0, '8112': 5.5, '7553': 0.0, '6828': 3.4, '5230': 0.0, '5133': 0.0, '5110': 5.0, '4199': 9.0, '4149': 5.6, '4068': 18.4, '3225': 4.7, '3163': 5.86, '3161': 19.86, '2133': 24.9}",88.16,4,"['3161', '4199', '4149', '2133', '4068', '5133', '6828', '5230', 'TB']","[19.86, 9.0, 5.6, 24.9, 18.4, 0.0, 3.4, 0.0, 7.0]",5
60,,1,"['BUF', '8205', '8154', '8139', '7526', '5906', '5846', '5086', '4234', '4046', '3214', '3198', '3164', '24', '1264']","{'BUF': 13.0, '8205': 0.0, '8154': 2.2, '8139': -0.7, '7526': 3.8, '5906': 0.0, '5846': 14.3, '5086': 12.0, '4234': 1.0, '4046': 30.48, '3214': 7.4, '3198': 26.2, '3164': 7.8, '24': 6.14, '1264': 16.0}",123.58,5,"['4046', '3198', '3164', '7526', '5846', '5906', '5086', '1264', 'BUF']","[30.48, 26.2, 7.8, 3.8, 14.3, 0.0, 12.0, 16.0, 13.0]",5
61,,1,"['DEN', '8144', '7528', '6951', '6847', '5892', '4881', '4036', '3199', '2216', '1825', '1535', '1433', '1339']","{'DEN': 17.0, '8144': 13.4, '7528': 5.1, '6951': 12.8, '6847': 10.3, '5892': 16.2, '4881': 15.76, '4036': 4.8, '3199': 0.0, '2216': 10.1, '1825': 0.0, '1535': 0.0, '1433': 10.0, '1339': 7.8}",105.66,6,"['4881', '7528', '5892', '2216', '8144', '1339', '6847', '1433', 'DEN']","[15.76, 5.1, 16.2, 10.1, 13.4, 7.8, 10.3, 10.0, 17.0]",5
62,,3,"['NO', '956', '8168', '8167', '8136', '7610', '7596', '6819', '6151', '5848', '5045', '4666', '4035', '2028', '1466']","{'NO': 6.0, '956': 3.6, '8168': 2.5, '8167': 0.3, '8136': 5.7, '7610': 0.0, '7596': 1.6, '6819': 8.4, '6151': 7.4, '5848': 17.8, '5045': 9.9, '4666': 0.0, '4035': 19.4, '2028': 17.94, '1466': 30.0}",116.84,7,"['2028', '4035', '6151', '6819', '5045', '1466', '5848', '4666', 'NO']","[17.94, 19.4, 7.4, 8.4, 9.9, 30.0, 17.8, 0.0, 6.0]",5
63,,5,"['PHI', '947', '7588', '6797', '6794', '6783', '6768', '5916', '5185', '5000', '4958', '4089', '4037', '3294', '2320']","{'PHI': 4.0, '947': 0.0, '7588': 0.0, '6797': 14.42, '6794': 24.32, '6783': 6.8, '6768': 0.0, '5916': 5.0, '5185': 11.5, '5000': 0.1, '4958': 11.0, '4089': 0.7, '4037': 9.3, '3294': 0.0, '2320': 11.8}",82.44,8,"['6797', '2320', '5000', '6794', '6783', '4089', '4037', '4958', 'PHI']","[14.42, 11.8, 0.1, 24.32, 6.8, 0.7, 9.3, 11.0, 4.0]",5
64,,7,"['LAC', '96', '8259', '6955', '6886', '6820', '5859', '4973', '4227', '4217', '4034', '2749', '1992', '1426', '1373']","{'LAC': 1.0, '96': 15.88, '8259': 9.0, '6955': 4.9, '6886': 7.5, '6820': 5.0, '5859': 4.7, '4973': 14.3, '4227': 0.0, '4217': 4.2, '4034': 19.9, '2749': 18.7, '1992': 2.7, '1426': 0.0, '1373': 24.02}",67.28,9,"['96', '4034', '6820', '5859', '1992', '4217', '6955', '8259', 'LAC']","[15.88, 19.9, 5.0, 4.7, 2.7, 4.2, 4.9, 9.0, 1.0]",5
65,,5,"['CLE', '8155', '8146', '8132', '7839', '7564', '6943', '6843', '6786', '5927', '5844', '4985', '421']","{'CLE': 0.0, '8155': 26.7, '8146': 4.2, '8132': 4.5, '7839': 6.0, '7564': 8.5, '6943': 30.6, '6843': 1.0, '6786': 7.8, '5927': 10.1, '5844': 1.1, '4985': 5.4, '421': 9.32}",74.92,10,"['421', '8155', '4985', '7564', '6786', '5844', '5927', '7839', 'CLE']","[9.32, 26.7, 5.4, 8.5, 7.8, 1.1, 10.1, 6.0, 0.0]",5
66,,2,"['GB', '7611', '7567', '6803', '650', '6126', '5970', '5850', '5001', '4018', '3321', '2309', '2307', '167']","{'GB': 3.0, '7611': 18.5, '7567': 2.0, '6803': 7.3, '650': 18.0, '6126': 6.2, '5970': 0.0, '5850': 27.8, '5001': 0.0, '4018': 10.3, '3321': 9.5, '2309': 17.1, '2307': 16.98, '167': 19.74}",123.94,11,"['167', '4018', '5850', '3321', '2309', '5001', '7611', '650', 'GB']","[19.74, 10.3, 27.8, 9.5, 17.1, 0.0, 18.5, 18.0, 3.0]",5
67,,3,"['LAR', '7670', '7591', '7042', '6801', '6770', '5967', '4098', '4033', '4029', '3969', '2505', '2374', '2319']","{'LAR': 6.0, '7670': 3.9, '7591': 15.02, '7042': 7.0, '6801': 0.0, '6770': 18.28, '5967': 14.6, '4098': 13.2, '4033': 11.8, '4029': 25.1, '3969': 30.9, '2505': 0.0, '2374': 24.9, '2319': 0.0}",125.38,12,"['6770', '3969', '4029', '6801', '2374', '2505', '4098', '7042', 'LAR']","[18.28, 30.9, 25.1, 0.0, 24.9, 0.0, 13.2, 7.0, 6.0]",5
68,,7,"['SF', '8151', '7608', '7569', '6945', '6938', '6826', '5095', '4988', '4039', '3271', '2152', '1689', '1234']","{'SF': 16.0, '8151': 14.8, '7608': 1.1, '7569': 8.5, '6945': 5.4, '6938': 3.3, '6826': 6.5, '5095': 16.0, '4988': 25.4, '4039': 22.4, '3271': 8.1, '2152': 0.0, '1689': 4.7, '1234': 10.16}",109.26,13,"['1234', '4988', '7608', '4039', '1689', '3271', '6945', '5095', 'SF']","[10.16, 25.4, 1.1, 22.4, 4.7, 8.1, 5.4, 16.0, 16.0]",5
69,,6,"['TEN', '8148', '8137', '7571', '7561', '7547', '6813', '5987', '5284', '5209', '5038', '4984', '4066', '1479', '1352', '1348']","{'TEN': 6.0, '8148': 0.0, '8137': 11.3, '7571': 0.0, '7561': 0.0, '7547': 3.8, '6813': 0.0, '5987': 5.5, '5284': 19.7, '5209': 10.0, '5038': 6.4, '4984': 36.16, '4066': 9.9, '1479': 0.0, '1352': 5.7, '1348': 0.0}",98.06,14,"['4984', '5987', '5284', '8137', '7547', '4066', '1352', '1348', 'TEN']","[36.16, 5.5, 19.7, 11.3, 3.8, 9.9, 5.7, 0.0, 6.0]",5
70,,5,"['BAL', '7741', '7551', '7045', '6083', '5872', '5849', '5022', '4950', '4663', '4137', '4082', '3664', '2378', '2197']","{'BAL': 7.0, '7741': 5.9, '7551': 23.1, '7045': 0.0, '6083': 6.0, '5872': 12.5, '5849': 13.88, '5022': 3.2, '4950': 7.8, '4663': 19.3, '4137': 0.0, '4082': 1.6, '3664': 2.0, '2378': 0.3, '2197': 0.0}",88.58,1,"['5849', '4663', '3664', '4082', '5872', '5022', '7551', '6083', 'BAL']","[13.88, 19.3, 2.0, 1.6, 12.5, 3.2, 23.1, 6.0, 7.0]",6
71,,3,"['DAL', '8119', '7600', '7543', '6904', '5955', '5947', '5937', '5890', '5347', '4866', '4602', '4197', '391', '2449', '1476']","{'DAL': 4.0, '8119': 0.0, '7600': 0.0, '7543': 10.8, '6904': 15.9, '5955': 0.0, '5947': 8.0, '5937': 6.1, '5890': 0.0, '5347': 0.0, '4866': 17.0, '4602': 14.0, '4197': 1.9, '391': 14.0, '2449': 25.8, '1476': 6.9}",115.6,2,"['6904', '4866', '7543', '2449', '5937', '4602', '5947', '391', 'DAL']","[15.9, 17.0, 10.8, 25.8, 6.1, 14.0, 8.0, 14.0, 4.0]",6
72,,1,"['NE', '8129', '7607', '7525', '7523', '7090', '6806', '6790', '6130', '503', '5012', '4983', '4040', '2161']","{'NE': 14.0, '8129': 0.0, '7607': 5.2, '7525': 12.9, '7523': 24.9, '7090': 10.3, '6806': 1.5, '6790': 0.0, '6130': 12.7, '503': 6.0, '5012': 20.1, '4983': 2.2, '4040': 19.8, '2161': 4.5}",104.6,3,"['7523', '6130', '6806', '7525', '7090', '5012', '4983', '503', 'NE']","[24.9, 12.7, 1.5, 12.9, 10.3, 20.1, 2.2, 6.0, 14.0]",6
73,,5,"['TB', '8112', '7553', '6828', '5133', '5110', '4199', '4195', '4149', '4068', '3225', '3163', '3161', '2133']","{'TB': 3.0, '8112': 5.5, '7553': 9.4, '6828': 7.2, '5133': 2.2, '5110': 3.0, '4199': 5.9, '4195': 10.0, '4149': 0.0, '4068': 2.7, '3225': 9.6, '3163': 0.0, '3161': 4.16, '2133': 0.0}",57.46,4,"['3161', '4199', '6828', '3225', '4068', '7553', '8112', '4195', 'TB']","[4.16, 5.9, 7.2, 9.6, 2.7, 9.4, 5.5, 10.0, 3.0]",6
74,,2,"['BUF', '8205', '8154', '7526', '5906', '5846', '5086', '4234', '4046', '3214', '3198', '3164', '24', '1264']","{'BUF': 8.0, '8205': 2.8, '8154': 12.0, '7526': 12.9, '5906': 11.2, '5846': 4.4, '5086': 0.0, '4234': 1.5, '4046': 21.62, '3214': 14.1, '3198': 0.0, '3164': 15.1, '24': 27.16, '1264': 7.0}",92.22,5,"['4046', '3164', '8154', '7526', '5846', '5906', '5086', '1264', 'BUF']","[21.62, 15.1, 12.0, 12.9, 4.4, 11.2, 0.0, 7.0, 8.0]",6
75,,1,"['JAX', '8144', '7528', '6951', '6847', '5892', '4881', '4381', '4036', '3678', '3199', '2216', '1825', '1535', '1339']","{'JAX': 0.0, '8144': 0.0, '7528': 11.9, '6951': 8.0, '6847': 1.9, '5892': 8.5, '4881': 15.1, '4381': 4.54, '4036': 6.2, '3678': 14.0, '3199': 0.0, '2216': 6.2, '1825': 0.0, '1535': 0.0, '1339': 10.5}",68.74,6,"['4881', '6951', '5892', '2216', '6847', '1339', '4381', '3678', 'JAX']","[15.1, 8.0, 8.5, 6.2, 1.9, 10.5, 4.54, 14.0, 0.0]",6
76,,4,"['NO', '956', '8168', '8136', '7610', '7596', '6819', '6151', '5848', '5045', '4666', '4035', '2028', '1466', '1234']","{'NO': 4.0, '956': 6.2, '8168': 2.9, '8136': 3.8, '7610': 0.0, '7596': 0.0, '6819': 19.9, '6151': 13.7, '5848': 8.3, '5045': 2.4, '4666': 4.0, '4035': 15.4, '2028': 0.0, '1466': 15.2, '1234': 13.82}",96.72,7,"['1234', '4035', '6151', '6819', '5045', '1466', '5848', '4666', 'NO']","[13.82, 15.4, 13.7, 19.9, 2.4, 15.2, 8.3, 4.0, 4.0]",6
77,,6,"['PHI', '947', '7588', '6931', '6797', '6794', '6783', '6768', '5916', '5185', '5000', '4958', '4089', '4037', '3294', '2320']","{'PHI': 7.0, '947': 0.0, '7588': 0.0, '6931': 0.1, '6797': 9.42, '6794': 13.7, '6783': 6.9, '6768': 0.0, '5916': 12.2, '5185': 15.6, '5000': 4.1, '4958': 4.0, '4089': 5.4, '4037': 12.5, '3294': 0.0, '2320': 0.8}",71.92,8,"['6797', '2320', '5916', '6794', '4037', '4089', '6783', '4958', 'PHI']","[9.42, 0.8, 12.2, 13.7, 12.5, 5.4, 6.9, 4.0, 7.0]",6
78,,7,"['LAC', '96', '6955', '6886', '6820', '5859', '4973', '4227', '4217', '4034', '2749', '1992', '1426', '1373']","{'LAC': 6.0, '96': 9.84, '6955': 6.0, '6886': 19.9, '6820': 3.3, '5859': 15.2, '4973': 3.6, '4227': 10.0, '4217': 12.3, '4034': 19.3, '2749': 5.3, '1992': 14.8, '1426': 0.0, '1373': 11.68}",97.88,9,"['1373', '4034', '6820', '5859', '1992', '4217', '2749', '4227', 'LAC']","[11.68, 19.3, 3.3, 15.2, 14.8, 12.3, 5.3, 10.0, 6.0]",6
79,,4,"['CLE', '8155', '8146', '8132', '7839', '7564', '6943', '6843', '6786', '5927', '5844', '5010', '4985', '421']","{'CLE': 1.0, '8155': 19.1, '8146': 1.3, '8132': 5.1, '7839': 8.0, '7564': 28.7, '6943': 14.9, '6843': 0.0, '6786': 10.2, '5927': 5.7, '5844': 0.0, '5010': 1.7, '4985': 0.0, '421': 12.82}",92.32,10,"['421', '8155', '8132', '7564', '6786', '5010', '5927', '7839', 'CLE']","[12.82, 19.1, 5.1, 28.7, 10.2, 1.7, 5.7, 8.0, 1.0]",6
80,,3,"['GB', '7611', '7601', '6803', '650', '6126', '5970', '5850', '5001', '4018', '3321', '2309', '2307', '167']","{'GB': 2.0, '7611': 23.1, '7601': 7.9, '6803': 24.3, '650': 7.0, '6126': 7.7, '5970': 0.0, '5850': 0.0, '5001': 0.0, '4018': 14.8, '3321': 23.7, '2309': 12.4, '2307': 24.16, '167': 12.72}",127.72,11,"['167', '4018', '7611', '3321', '2309', '6126', '6803', '650', 'GB']","[12.72, 14.8, 23.1, 23.7, 12.4, 7.7, 24.3, 7.0, 2.0]",6
81,,2,"['LAR', '8142', '7670', '7591', '7042', '6801', '6770', '5967', '4098', '4033', '4029', '3969', '2505', '2374', '2319']","{'LAR': 11.0, '8142': 12.4, '7670': 10.2, '7591': 18.4, '7042': 6.0, '6801': 7.7, '6770': 32.5, '5967': 6.2, '4098': 1.2, '4033': 7.3, '4029': 14.8, '3969': 19.1, '2505': 0.0, '2374': 2.7, '2319': 8.4}",102.3,12,"['6770', '3969', '4029', '6801', '2374', '4033', '4098', '7042', 'LAR']","[32.5, 19.1, 14.8, 7.7, 2.7, 7.3, 1.2, 6.0, 11.0]",6
82,,6,"['SF', '8151', '7569', '6945', '6938', '6826', '59', '5095', '4988', '4039', '3271', '2747', '1689', '1166']","{'SF': 2.0, '8151': 18.0, '7569': 0.0, '6945': 6.8, '6938': 0.0, '6826': 2.0, '59': 3.0, '5095': 0.0, '4988': 7.5, '4039': 13.2, '3271': 1.2, '2747': 13.0, '1689': 13.6, '1166': 16.5}",77.0,13,"['1166', '4988', '8151', '4039', '1689', '3271', '6826', '59', 'SF']","[16.5, 7.5, 18.0, 13.2, 13.6, 1.2, 2.0, 3.0, 2.0]",6
83,,7,"['CHI', '8148', '8137', '8121', '7571', '7561', '7547', '6813', '5284', '5209', '5038', '4984', '4066', '1479', '1352', '1348']","{'CHI': 8.0, '8148': 0.0, '8137': 4.3, '8121': 4.1, '7571': 0.0, '7561': 0.0, '7547': 0.0, '6813': 0.0, '5284': -0.5, '5209': 0.9, '5038': 2.8, '4984': 25.36, '4066': 6.5, '1479': 0.0, '1352': 0.0, '1348': 13.0}",64.46,14,"['4984', '5209', '5284', '5038', '8137', '4066', '8121', '1348', 'CHI']","[25.36, 0.9, -0.5, 2.8, 4.3, 6.5, 4.1, 13.0, 8.0]",6
84,,6,"['BAL', '8172', '7594', '5872', '5849', '5022', '4962', '4950', '4663', '4137', '4111', '4082', '3242', '2197', '17', '1266']","{'BAL': 15.0, '8172': 8.1, '7594': 14.3, '5872': 6.9, '5849': 16.16, '5022': 0.0, '4962': 1.8, '4950': 13.6, '4663': 29.7, '4137': 0.0, '4111': 15.5, '4082': 10.4, '3242': 0.5, '2197': 6.6, '17': 0.0, '1266': 12.0}",108.56,1,"['5849', '4663', '3242', '2197', '5872', '8172', '4950', '1266', 'BAL']","[16.16, 29.7, 0.5, 6.6, 6.9, 8.1, 13.6, 12.0, 15.0]",7
85,,2,"['DAL', '8160', '8119', '7600', '7543', '6904', '5955', '5947', '5937', '5890', '4866', '4602', '4197', '391', '2449']","{'DAL': 26.0, '8160': 13.28, '8119': 0.0, '7600': 11.5, '7543': 17.4, '6904': 0.0, '5955': 7.0, '5947': 10.4, '5937': 7.0, '5890': 1.5, '4866': 15.5, '4602': 4.7, '4197': 0.0, '391': 3.0, '2449': 0.0}",98.78,2,"['8160', '4866', '7543', '5947', '5937', '4602', '5890', '391', 'DAL']","[13.28, 15.5, 17.4, 10.4, 7.0, 4.7, 1.5, 3.0, 26.0]",7
86,,2,"['NE', '8129', '7525', '7523', '7090', '6806', '6790', '6130', '5347', '5248', '503', '5012', '4983', '4171', '4040', '3271']","{'NE': 7.0, '8129': 13.7, '7525': 0.0, '7523': 18.7, '7090': 6.8, '6806': 0.0, '6790': 0.0, '6130': 0.0, '5347': 6.8, '5248': 18.6, '503': 11.0, '5012': 0.4, '4983': 16.1, '4171': 1.3, '4040': 21.9, '3271': 0.0}",87.6,3,"['7523', '8129', '5347', '4040', '7090', '5012', '4171', '503', 'NE']","[18.7, 13.7, 6.8, 21.9, 6.8, 0.4, 1.3, 11.0, 7.0]",7
87,,4,"['TB', '8112', '7553', '6828', '5133', '5110', '4199', '4149', '4068', '3225', '3163', '3161', '2133', '1433']","{'TB': 1.0, '8112': 1.4, '7553': 2.4, '6828': 1.5, '5133': 4.2, '5110': 5.9, '4199': 24.1, '4149': 4.8, '4068': 18.1, '3225': 25.5, '3163': 1.52, '3161': 0.0, '2133': 13.5, '1433': 2.0}",68.92,4,"['3163', '4199', '4149', '2133', '4068', '7553', '6828', '1433', 'TB']","[1.52, 24.1, 4.8, 13.5, 18.1, 2.4, 1.5, 2.0, 1.0]",7
88,,3,"['LV', 'BUF', '8205', '8154', '7526', '5906', '5846', '5086', '4046', '3214', '3198', '3164', '24', '1264']","{'LV': 10.0, 'BUF': 0.0, '8205': 4.3, '8154': 9.6, '7526': 10.8, '5906': 0.0, '5846': 1.7, '5086': 12.6, '4046': 26.92, '3214': 1.7, '3198': 15.3, '3164': 17.7, '24': 11.92, '1264': 13.0}",106.72,5,"['4046', '3164', '8154', '7526', '5846', '3214', '3198', '1264', 'LV']","[26.92, 17.7, 9.6, 10.8, 1.7, 1.7, 15.3, 13.0, 10.0]",7
89,,1,"['CIN', '8144', '7528', '6951', '6847', '5892', '4881', '4381', '4036', '3678', '3199', '2216', '1825', '1535', '1339']","{'CIN': 4.0, '8144': 14.1, '7528': 9.5, '6951': 21.3, '6847': 5.2, '5892': 12.2, '4881': 10.7, '4381': 9.62, '4036': 0.0, '3678': 11.0, '3199': 0.0, '2216': 14.1, '1825': 0.0, '1535': 0.0, '1339': 5.1}",85.9,6,"['4881', '7528', '5892', '2216', '6847', '1339', '8144', '3678', 'CIN']","[10.7, 9.5, 12.2, 14.1, 5.2, 5.1, 14.1, 11.0, 4.0]",7
90,,5,"['NO', '956', '8168', '8136', '7610', '7596', '6819', '6151', '5848', '5045', '4666', '4035', '2028', '1466', '1234']","{'NO': 2.0, '956': 3.7, '8168': -3.0, '8136': 3.7, '7610': 0.0, '7596': 0.0, '6819': 5.8, '6151': 0.0, '5848': 0.0, '5045': 3.8, '4666': 6.0, '4035': 14.0, '2028': 12.54, '1466': 12.8, '1234': 0.0}",64.34,7,"['2028', '4035', '956', '6819', '5045', '1466', '8136', '4666', 'NO']","[12.54, 14.0, 3.7, 5.8, 3.8, 12.8, 3.7, 6.0, 2.0]",7
91,,7,"['PIT', 'PHI', '947', '7588', '6797', '6794', '6783', '6768', '5916', '5185', '5000', '4958', '4089', '4037', '3294', '2320']","{'PIT': 1.0, 'PHI': 0.0, '947': 0.0, '7588': 0.0, '6797': 17.62, '6794': 0.0, '6783': 13.1, '6768': 15.94, '5916': 0.0, '5185': 8.5, '5000': 1.7, '4958': 6.0, '4089': 8.8, '4037': 8.0, '3294': 12.28, '2320': 6.0}",70.72,8,"['6797', '2320', '5000', '5185', '4037', '4089', '6783', '4958', 'PIT']","[17.62, 6.0, 1.7, 8.5, 8.0, 8.8, 13.1, 6.0, 1.0]",7
92,,6,"['LAC', '96', '6955', '6886', '6820', '5859', '4973', '4227', '4217', '4034', '2749', '1992', '1426', '1373']","{'LAC': 4.0, '96': 14.76, '6955': 0.0, '6886': 6.6, '6820': 9.2, '5859': 0.0, '4973': 7.8, '4227': 5.0, '4217': 18.8, '4034': 7.2, '2749': 18.9, '1992': 0.0, '1426': 14.3, '1373': 13.1}",87.9,9,"['1373', '4034', '6955', '6886', '1426', '4217', '2749', '4227', 'LAC']","[13.1, 7.2, 0.0, 6.6, 14.3, 18.8, 18.9, 5.0, 4.0]",7
93,,3,"['CLE', '8155', '8146', '8132', '7839', '7564', '6943', '6786', '5927', '5844', '5010', '4985', '421', '1837']","{'CLE': 6.0, '8155': 13.2, '8146': 4.4, '8132': 11.0, '7839': 5.0, '7564': 29.0, '6943': 0.0, '6786': 8.6, '5927': 15.8, '5844': 6.8, '5010': 6.5, '4985': 0.0, '421': 0.0, '1837': 16.32}",111.72,10,"['1837', '8155', '8132', '7564', '6786', '5844', '5927', '7839', 'CLE']","[16.32, 13.2, 11.0, 29.0, 8.6, 6.8, 15.8, 5.0, 6.0]",7
94,,4,"['GB', '7611', '7601', '6803', '650', '6126', '5970', '5850', '5001', '4018', '3321', '2309', '2307', '167']","{'GB': 9.0, '7611': 19.8, '7601': 3.6, '6803': 11.7, '650': 2.0, '6126': 0.0, '5970': 7.1, '5850': 35.0, '5001': 7.4, '4018': 16.6, '3321': 10.7, '2309': 8.9, '2307': 11.06, '167': 11.7}",97.8,11,"['167', '4018', '7611', '3321', '2309', '5001', '6803', '650', 'GB']","[11.7, 16.6, 19.8, 10.7, 8.9, 7.4, 11.7, 2.0, 9.0]",7
95,,1,"['LAR', 'DEN', '8142', '7591', '6801', '6770', '5967', '4098', '4033', '4029', '3969', '2747', '2505', '2374', '2319']","{'LAR': 0.0, 'DEN': 4.0, '8142': 5.2, '7591': 20.36, '6801': 11.8, '6770': 39.24, '5967': 11.9, '4098': 7.3, '4033': 10.6, '4029': 0.0, '3969': 3.6, '2747': 16.0, '2505': 0.0, '2374': 8.0, '2319': 8.3}",105.74,12,"['6770', '3969', '4098', '6801', '2374', '4033', '8142', '2747', 'DEN']","[39.24, 3.6, 7.3, 11.8, 8.0, 10.6, 5.2, 16.0, 4.0]",7
96,,5,"['NYJ', '8151', '7569', '7002', '6945', '6938', '6824', '5870', '5095', '4988', '4080', '4039', '2078', '1689', '1476']","{'NYJ': 7.0, '8151': 28.7, '7569': 4.8, '7002': 17.7, '6945': 15.2, '6938': 0.0, '6824': 7.1, '5870': 28.78, '5095': 10.0, '4988': 17.7, '4080': 8.8, '4039': 0.0, '2078': 0.0, '1689': 0.0, '1476': 9.3}",130.58,13,"['5870', '4988', '8151', '7569', '6824', '7002', '4080', '5095', 'NYJ']","[28.78, 17.7, 28.7, 4.8, 7.1, 17.7, 8.8, 10.0, 7.0]",7
97,,7,"['MIA', '8148', '8137', '8121', '7571', '7561', '7547', '6813', '5284', '5038', '4984', '4066', '3467', '1479', '1352', '1049']","{'MIA': 12.0, '8148': 0.0, '8137': 15.1, '8121': 0.0, '7571': 6.2, '7561': 0.0, '7547': 0.9, '6813': 12.0, '5284': 5.4, '5038': 0.0, '4984': 0.0, '4066': 8.7, '3467': 3.0, '1479': 2.1, '1352': 4.1, '1049': 2.88}",46.98,14,"['1049', '6813', '5284', '7547', '1479', '4066', '5038', '3467', 'MIA']","[2.88, 12.0, 5.4, 0.9, 2.1, 8.7, 0.0, 3.0, 12.0]",7
98,,7,"['IND', '8126', '7594', '7045', '6945', '5872', '5849', '5022', '4950', '4663', '4137', '4111', '4082', '2197', '1346', '1266']","{'IND': 5.0, '8126': 2.5, '7594': 0.0, '7045': 0.0, '6945': 17.2, '5872': 0.0, '5849': 25.64, '5022': 9.4, '4950': 5.5, '4663': 0.0, '4137': 0.0, '4111': 31.8, '4082': 9.4, '2197': 9.3, '1346': 5.3, '1266': 4.0}",117.24,1,"['5849', '4111', '6945', '2197', '4082', '5022', '4950', '1266', 'IND']","[25.64, 31.8, 17.2, 9.3, 9.4, 9.4, 5.5, 4.0, 5.0]",8
99,,1,"['DAL', '7608', '7600', '7543', '7042', '6904', '5955', '5947', '5937', '5890', '5846', '4866', '4602', '2449']","{'DAL': 12.0, '7608': 15.9, '7600': 7.7, '7543': 23.7, '7042': 10.0, '6904': 28.4, '5955': 1.1, '5947': 16.5, '5937': 6.0, '5890': 6.2, '5846': 14.5, '4866': 13.7, '4602': 6.0, '2449': 18.8}",131.9,2,"['6904', '4866', '7543', '2449', '5955', '7600', '5947', '7042', 'DAL']","[28.4, 13.7, 23.7, 18.8, 1.1, 7.7, 16.5, 10.0, 12.0]",8
100,,3,"['NE', '8150', '8129', '7525', '7523', '7090', '6806', '6790', '6130', '5248', '503', '5012', '4983', '4040', '3271', '1166']","{'NE': 9.0, '8150': 0.0, '8129': 12.6, '7525': 4.8, '7523': 7.82, '7090': 9.5, '6806': 0.0, '6790': 11.8, '6130': 8.8, '5248': 6.5, '503': 8.0, '5012': 4.8, '4983': 24.5, '4040': 0.0, '3271': 2.5, '1166': 22.48}",104.48,3,"['1166', '6790', '8129', '7525', '4983', '5012', '5248', '503', 'NE']","[22.48, 11.8, 12.6, 4.8, 24.5, 4.8, 6.5, 8.0, 9.0]",8
101,,3,"['TB', '8112', '7553', '6828', '5133', '5110', '4199', '4149', '4068', '3225', '3163', '3161', '2133', '1433']","{'TB': 5.0, '8112': 5.1, '7553': 16.5, '6828': 6.8, '5133': 22.9, '5110': 0.0, '4199': 17.7, '4149': 21.1, '4068': 0.0, '3225': 11.3, '3163': 18.14, '3161': 0.0, '2133': 0.7, '1433': 3.0}",100.24,4,"['3163', '4199', '4149', '2133', '3225', '7553', '6828', '1433', 'TB']","[18.14, 17.7, 21.1, 0.7, 11.3, 16.5, 6.8, 3.0, 5.0]",8
102,,4,"['LV', 'BUF', '8205', '8154', '7527', '7526', '5906', '5880', '5086', '4046', '3214', '3198', '3164', '24', '1264']","{'LV': 0.0, 'BUF': 5.0, '8205': 0.0, '8154': 2.0, '7527': 11.66, '7526': 26.6, '5906': 8.0, '5880': 8.1, '5086': 0.0, '4046': 0.0, '3214': 2.7, '3198': 35.3, '3164': 0.0, '24': 0.0, '1264': 8.0}",99.36,5,"['7527', '3164', '8154', '7526', '5880', '3214', '3198', '1264', 'BUF']","[11.66, 0.0, 2.0, 26.6, 8.1, 2.7, 35.3, 8.0, 5.0]",8
103,,1,"['ATL', '8144', '7528', '6951', '6847', '5892', '4881', '4381', '4036', '3678', '3199', '2216', '1825', '1535', '1339']","{'ATL': 8.0, '8144': 7.7, '7528': 8.96, '6951': 6.5, '6847': 14.4, '5892': 6.0, '4881': 21.82, '4381': 7.78, '4036': 0.0, '3678': 5.0, '3199': 0.0, '2216': 15.3, '1825': 0.0, '1535': 0.0, '1339': 11.4}",98.58,6,"['4881', '7528', '5892', '2216', '6847', '1339', '8144', '3678', 'ATL']","[21.82, 8.96, 6.0, 15.3, 14.4, 11.4, 7.7, 5.0, 8.0]",8
104,,6,"['NO', '956', '8168', '8136', '8111', '7610', '7596', '6819', '6151', '5848', '5045', '4666', '4035', '2028', '1466', '1234']","{'NO': 16.0, '956': 0.7, '8168': 0.0, '8136': 5.8, '8111': 2.5, '7610': 0.0, '7596': 0.0, '6819': 8.8, '6151': 13.8, '5848': 0.0, '5045': 1.8, '4666': 14.0, '4035': 38.3, '2028': 2.94, '1466': 0.0, '1234': 14.78}",98.14,7,"['2028', '4035', '6151', '6819', '5045', '8111', '7596', '4666', 'NO']","[2.94, 38.3, 13.8, 8.8, 1.8, 2.5, 0.0, 14.0, 16.0]",8
105,,7,"['PHI', '947', '7588', '6797', '6794', '6783', '6768', '5916', '5185', '5000', '4993', '4958', '4089', '4037', '3294', '2320']","{'PHI': 16.0, '947': 9.1, '7588': 0.0, '6797': 0.0, '6794': 12.8, '6783': 15.3, '6768': 29.18, '5916': 4.0, '5185': 0.0, '5000': 1.4, '4993': 11.3, '4958': 7.0, '4089': 0.0, '4037': 10.5, '3294': 26.4, '2320': 12.7}",116.0,8,"['3294', '5916', '2320', '6794', '4037', '4993', '6783', '4958', 'PHI']","[26.4, 4.0, 12.7, 12.8, 10.5, 11.3, 15.3, 7.0, 16.0]",8
106,,5,"['SEA', '96', '6955', '6886', '6820', '5859', '5119', '4973', '4227', '4217', '4034', '2749', '1426', '1373']","{'SEA': 14.0, '96': 16.22, '6955': 1.7, '6886': 10.54, '6820': 0.0, '5859': 36.6, '5119': 8.0, '4973': 6.2, '4227': 0.0, '4217': 11.4, '4034': 35.26, '2749': 7.2, '1426': 27.9, '1373': 19.08}",169.98,9,"['1373', '4034', '2749', '6886', '1426', '4217', '5859', '5119', 'SEA']","[19.08, 35.26, 7.2, 10.54, 27.9, 11.4, 36.6, 8.0, 14.0]",8
107,,2,"['JAX', 'CLE', '8155', '8146', '8132', '7839', '7607', '7564', '6943', '6786', '5927', '5844', '5010', '4985', '421', '1837']","{'JAX': 5.0, 'CLE': 14.0, '8155': 0.0, '8146': 14.5, '8132': 16.0, '7839': -1.0, '7607': 8.1, '7564': 0.0, '6943': 4.5, '6786': 16.3, '5927': 13.6, '5844': 9.5, '5010': 4.2, '4985': 0.0, '421': 17.38, '1837': 17.7}",89.38,10,"['421', '7607', '8132', '5927', '6786', '5844', '6943', '7839', 'JAX']","[17.38, 8.1, 16.0, 13.6, 16.3, 9.5, 4.5, -1.0, 5.0]",8
108,,5,"['SF', '7611', '7601', '6803', '650', '6126', '5970', '5850', '5001', '4018', '3321', '2309', '2307', '167']","{'SF': 3.0, '7611': 17.8, '7601': 19.9, '6803': 17.1, '650': 21.0, '6126': 4.8, '5970': -0.8, '5850': 6.4, '5001': 10.4, '4018': 9.4, '3321': 25.5, '2309': 20.6, '2307': 24.42, '167': 17.1}",131.2,11,"['167', '4018', '7611', '3321', '2309', '5001', '5850', '650', 'SF']","[17.1, 9.4, 17.8, 25.5, 20.6, 10.4, 6.4, 21.0, 3.0]",8
109,,2,"['LAR', 'DEN', '8142', '7591', '7002', '6801', '6770', '5967', '4098', '4033', '4029', '3969', '2747', '2505', '2374', '2319']","{'LAR': 3.0, 'DEN': 8.0, '8142': 8.0, '7591': 26.04, '7002': 2.4, '6801': 12.4, '6770': 13.48, '5967': 33.2, '4098': 9.2, '4033': 0.0, '4029': 22.6, '3969': 13.3, '2747': 11.0, '2505': 0.0, '2374': 11.8, '2319': 0.0}",128.18,12,"['6770', '3969', '4029', '6801', '2374', '7002', '5967', '2747', 'DEN']","[13.48, 13.3, 22.6, 12.4, 11.8, 2.4, 33.2, 11.0, 8.0]",8
110,,4,"['TEN', '8172', '8151', '6938', '6850', '6824', '5870', '5095', '4988', '4080', '4039', '2078', '1689', '1476']","{'TEN': 9.0, '8172': 10.7, '8151': 11.7, '6938': 0.0, '6850': 0.0, '6824': 10.1, '5870': 8.04, '5095': 0.0, '4988': 24.9, '4080': 5.0, '4039': 18.9, '2078': 0.0, '1689': 9.7, '1476': 12.4}",87.24,13,"['5870', '4988', '8151', '4039', '1689', '6850', '4080', '5095', 'TEN']","[8.04, 24.9, 11.7, 18.9, 9.7, 0.0, 5.0, 0.0, 9.0]",8
111,,6,"['MIA', '8148', '8137', '7606', '7571', '7561', '7547', '6813', '6039', '5995', '5038', '4984', '4195', '4066', '1479', '1352']","{'MIA': 1.0, '8148': 0.0, '8137': 0.0, '7606': 0.0, '7571': 0.0, '7561': 0.0, '7547': 10.4, '6813': 4.6, '6039': 0.6, '5995': 2.8, '5038': 6.9, '4984': 19.62, '4195': 5.0, '4066': 13.5, '1479': 0.0, '1352': 0.6}",55.32,14,"['4984', '6813', '6039', '7547', '1352', '4066', '7571', '4195', 'MIA']","[19.62, 4.6, 0.6, 10.4, 0.6, 13.5, 0.0, 5.0, 1.0]",8
112,,7,"['MIN', '8259', '8126', '8121', '7594', '7045', '6945', '5872', '5849', '5022', '4950', '4663', '4137', '4111', '4082', '2750', '2197']","{'MIN': 6.0, '8259': 8.0, '8126': 0.0, '8121': 2.3, '7594': 0.0, '7045': 0.0, '6945': 5.7, '5872': 0.0, '5849': 17.0, '5022': 20.0, '4950': 17.6, '4663': 19.6, '4137': 8.9, '4111': 3.1, '4082': 15.6, '2750': 7.8, '2197': 0.0}",112.6,1,"['5849', '4111', '4663', '4082', '4950', '5022', '6945', '8259', 'MIN']","[17.0, 3.1, 19.6, 15.6, 17.6, 20.0, 5.7, 8.0, 6.0]",9
113,,2,"['DAL', 'BAL', '7608', '7600', '7543', '7042', '6904', '5947', '5937', '5890', '5846', '4866', '4602', '2449']","{'DAL': 0.0, 'BAL': 10.0, '7608': 2.3, '7600': 0.0, '7543': 25.6, '7042': 6.0, '6904': 18.02, '5947': 3.9, '5937': 0.0, '5890': 0.0, '5846': 12.2, '4866': 0.0, '4602': 4.4, '2449': 11.8}",94.22,2,"['6904', '7608', '7543', '2449', '5947', '4602', '5846', '7042', 'BAL']","[18.02, 2.3, 25.6, 11.8, 3.9, 4.4, 12.2, 6.0, 10.0]",9
114,,4,"['NYG', 'NE', '8150', '8129', '7525', '7523', '7090', '6806', '6790', '6130', '5230', '5012', '4983', '4040', '3271', '2078', '1166']","{'NYG': 0.0, 'NE': 26.0, '8150': 0.0, '8129': 13.9, '7525': 3.2, '7523': 15.7, '7090': 14.0, '6806': 0.0, '6790': 6.5, '6130': 6.8, '5230': 1.0, '5012': 0.0, '4983': 3.4, '4040': 13.8, '3271': 0.0, '2078': 0.0, '1166': 17.4}",85.5,3,"['1166', '6130', '8129', '7525', '4040', '3271', '4983', '5230', 'NE']","[17.4, 6.8, 13.9, 3.2, 13.8, 0.0, 3.4, 1.0, 26.0]",9
115,,2,"['TB', '8112', '7553', '7551', '6828', '5133', '5110', '4199', '4149', '4068', '3225', '3163', '2133', '17']","{'TB': 8.0, '8112': 0.8, '7553': 3.7, '7551': 4.6, '6828': 4.4, '5133': 1.2, '5110': 0.0, '4199': 5.5, '4149': 10.1, '4068': 0.0, '3225': 6.9, '3163': 12.38, '2133': 31.6, '17': 3.0}",80.08,4,"['3163', '4199', '7551', '2133', '3225', '7553', '6828', '17', 'TB']","[12.38, 5.5, 4.6, 31.6, 6.9, 3.7, 4.4, 3.0, 8.0]",9
116,,5,"['LV', 'BUF', '8205', '8154', '7527', '7526', '5906', '5880', '5086', '4046', '3214', '3198', '3164', '24', '1264']","{'LV': 2.0, 'BUF': 6.0, '8205': 1.4, '8154': 4.8, '7527': 9.68, '7526': 17.0, '5906': 4.0, '5880': 2.6, '5086': 1.7, '4046': 35.14, '3214': 7.0, '3198': 23.5, '3164': 0.0, '24': 0.0, '1264': 10.0}",81.98,5,"['7527', '8205', '8154', '7526', '5880', '3214', '3198', '1264', 'BUF']","[9.68, 1.4, 4.8, 17.0, 2.6, 7.0, 23.5, 10.0, 6.0]",9
117,,1,"['KC', '8144', '7528', '6951', '6847', '5892', '4881', '4381', '4036', '3678', '3199', '2216', '1825', '1535', '1339']","{'KC': 4.0, '8144': 10.1, '7528': 0.0, '6951': 3.2, '6847': 1.0, '5892': 4.9, '4881': 16.52, '4381': 1.12, '4036': 0.0, '3678': 7.0, '3199': 0.0, '2216': 6.5, '1825': 0.0, '1535': 17.8, '1339': 12.5}",80.32,6,"['4881', '1535', '5892', '2216', '6847', '1339', '8144', '3678', 'KC']","[16.52, 17.8, 4.9, 6.5, 1.0, 12.5, 10.1, 7.0, 4.0]",9
118,,7,"['NO', '956', '8136', '8111', '7610', '7596', '6819', '6151', '5848', '5045', '4666', '4035', '2028', '1992', '1466', '1234']","{'NO': 3.0, '956': 0.0, '8136': 4.9, '8111': 15.3, '7610': 0.0, '7596': 0.0, '6819': 3.7, '6151': 15.3, '5848': 0.0, '5045': 0.0, '4666': 4.0, '4035': 7.7, '2028': 18.36, '1992': 3.9, '1466': 15.6, '1234': 0.0}",76.46,7,"['2028', '4035', '6151', '6819', '1992', '1466', '8136', '4666', 'NO']","[18.36, 7.7, 15.3, 3.7, 3.9, 15.6, 4.9, 4.0, 3.0]",9
119,,6,"['PHI', '7588', '6797', '6794', '6783', '6768', '5916', '5347', '5185', '5000', '4089', '4037', '391', '3294', '2320']","{'PHI': 8.0, '7588': 0.0, '6797': 13.1, '6794': 22.0, '6783': 0.0, '6768': 23.08, '5916': 5.6, '5347': 0.0, '5185': 16.7, '5000': 0.0, '4089': 6.1, '4037': 7.2, '391': 11.0, '3294': 0.0, '2320': 0.0}",89.7,8,"['6797', '5916', '5347', '6794', '4037', '4089', '5185', '391', 'PHI']","[13.1, 5.6, 0.0, 22.0, 7.2, 6.1, 16.7, 11.0, 8.0]",9
120,,4,"['SEA', '96', '6955', '6886', '6820', '5859', '5119', '4973', '4227', '4217', '4034', '2749', '1426', '1373']","{'SEA': 9.0, '96': 16.64, '6955': 12.3, '6886': 2.7, '6820': 2.4, '5859': 13.9, '5119': 4.0, '4973': 6.0, '4227': 4.0, '4217': 0.0, '4034': 0.0, '2749': 8.6, '1426': 11.6, '1373': 21.8}",80.0,9,"['1373', '6820', '2749', '5859', '1426', '4973', '6886', '4227', 'SEA']","[21.8, 2.4, 8.6, 13.9, 11.6, 6.0, 2.7, 4.0, 9.0]",9
121,,1,"['JAX', 'CLE', '8155', '8146', '8132', '7839', '7607', '7564', '6943', '6786', '5927', '5844', '503', '5010', '4985', '421', '1837']","{'JAX': 6.0, 'CLE': 0.0, '8155': 0.0, '8146': 12.9, '8132': 12.8, '7839': 5.0, '7607': 15.1, '7564': 0.0, '6943': 4.3, '6786': 0.0, '5927': 8.1, '5844': 11.5, '503': 0.0, '5010': 3.9, '4985': 0.0, '421': 9.5, '1837': 0.0}",85.2,10,"['421', '7607', '8132', '5927', '8146', '5844', '6943', '7839', 'JAX']","[9.5, 15.1, 12.8, 8.1, 12.9, 11.5, 4.3, 5.0, 6.0]",9
122,,6,"['GB', '7611', '7601', '7002', '6803', '650', '6126', '5970', '5850', '5001', '4018', '3321', '2309', '2307', '167']","{'GB': 3.0, '7611': 14.5, '7601': 10.9, '7002': 11.2, '6803': 0.0, '650': 17.0, '6126': 0.0, '5970': 0.8, '5850': 10.2, '5001': 0.0, '4018': 53.1, '3321': 23.8, '2309': 0.0, '2307': 7.56, '167': 15.2}",151.26,11,"['2307', '4018', '7611', '3321', '7601', '7002', '5850', '650', 'GB']","[7.56, 53.1, 14.5, 23.8, 10.9, 11.2, 10.2, 17.0, 3.0]",9
123,,3,"['LAR', '8142', '7591', '6801', '6770', '5985', '5967', '4993', '4098', '4033', '4029', '3969', '2747', '2505', '2374', '2319']","{'LAR': 4.0, '8142': 2.8, '7591': 42.72, '6801': 9.5, '6770': 19.14, '5985': 2.4, '5967': 0.0, '4993': 0.8, '4098': 0.0, '4033': 0.0, '4029': 12.6, '3969': 8.5, '2747': 8.0, '2505': 0.0, '2374': 15.2, '2319': 0.0}",82.14,12,"['6770', '3969', '4029', '6801', '2374', '5985', '8142', '2747', 'LAR']","[19.14, 8.5, 12.6, 9.5, 15.2, 2.4, 2.8, 8.0, 4.0]",9
124,,3,"['CIN', '829', '8151', '7670', '6938', '6824', '5095', '4988', '4080', '4066', '4039', '3242', '1689', '1476']","{'CIN': 6.0, '829': 11.9, '8151': 26.4, '7670': 14.6, '6938': 0.3, '6824': 0.0, '5095': 8.0, '4988': 0.0, '4080': 6.5, '4066': 1.3, '4039': 21.8, '3242': 23.9, '1689': 8.2, '1476': 0.0}",122.1,13,"['829', '8151', '3242', '4039', '1689', '4066', '7670', '5095', 'CIN']","[11.9, 26.4, 23.9, 21.8, 8.2, 1.3, 14.6, 8.0, 6.0]",9
125,,5,"['MIA', '8137', '8131', '7741', '7606', '7571', '7561', '7547', '6813', '6039', '5284', '5038', '4984', '4195', '1479', '1352']","{'MIA': 9.0, '8137': 0.0, '8131': 8.9, '7741': 3.4, '7606': 2.2, '7571': 0.0, '7561': 0.0, '7547': 7.5, '6813': 0.0, '6039': 1.7, '5284': 14.7, '5038': 0.0, '4984': 24.8, '4195': 2.0, '1479': 0.0, '1352': 0.0}",72.5,14,"['4984', '5284', '7741', '7547', '1352', '8131', '7606', '4195', 'MIA']","[24.8, 14.7, 3.4, 7.5, 0.0, 8.9, 2.2, 2.0, 9.0]",9
126,,6,"['BAL', 'ATL', '8126', '7594', '7045', '6945', '6797', '5872', '5849', '5022', '4958', '4950', '4663', '4111', '4037', '2197']","{'BAL': 0.0, 'ATL': 1.0, '8126': 2.5, '7594': 1.4, '7045': 0.0, '6945': 13.3, '6797': 12.04, '5872': 6.1, '5849': 0.0, '5022': 6.8, '4958': 4.0, '4950': 27.0, '4663': 9.8, '4111': 19.0, '4037': 16.1, '2197': 6.2}",101.84,1,"['6797', '4111', '4663', '5872', '4037', '5022', '4950', '4958', 'ATL']","[12.04, 19.0, 9.8, 6.1, 16.1, 6.8, 27.0, 4.0, 1.0]",10
127,,3,"['DAL', '8135', '8119', '7608', '7600', '7543', '7042', '6904', '5947', '5937', '5917', '5890', '5846', '4866', '4602', '2449']","{'DAL': 7.0, '8135': 3.9, '8119': 1.9, '7608': 5.7, '7600': 5.6, '7543': 8.8, '7042': 13.0, '6904': 22.8, '5947': 0.0, '5937': 8.3, '5917': 0.0, '5890': 0.0, '5846': 10.1, '4866': 22.5, '4602': 1.3, '2449': 18.8}",116.9,2,"['6904', '4866', '7543', '2449', '5937', '7600', '5846', '7042', 'DAL']","[22.8, 22.5, 8.8, 18.8, 8.3, 5.6, 10.1, 13.0, 7.0]",10
128,,5,"['NYG', 'NE', '8129', '7525', '7523', '7090', '6806', '6790', '6130', '5012', '4983', '49', '4040', '3271', '2078', '1166']","{'NYG': 10.0, 'NE': 0.0, '8129': 10.2, '7525': 9.9, '7523': 20.96, '7090': 7.7, '6806': 0.0, '6790': 7.7, '6130': 14.2, '5012': 0.0, '4983': 4.9, '49': 9.0, '4040': 4.3, '3271': 11.3, '2078': 0.0, '1166': 15.48}",88.26,3,"['7523', '6790', '8129', '4983', '4040', '3271', '7525', '49', 'NYG']","[20.96, 7.7, 10.2, 4.9, 4.3, 11.3, 9.9, 9.0, 10.0]",10
129,,1,"['TB', '8112', '7606', '7553', '6828', '5230', '5110', '4199', '4149', '4068', '3225', '3163', '2133']","{'TB': 7.0, '8112': 12.3, '7606': 17.0, '7553': 3.8, '6828': 6.5, '5230': 7.0, '5110': 0.0, '4199': 21.6, '4149': 11.9, '4068': 0.0, '3225': 0.0, '3163': 13.84, '2133': 23.1}",111.74,4,"['3163', '4199', '4149', '2133', '7606', '7553', '6828', '5230', 'TB']","[13.84, 21.6, 11.9, 23.1, 17.0, 3.8, 6.5, 7.0, 7.0]",10
130,,6,"['BUF', '8154', '7527', '7526', '6083', '5906', '5880', '5086', '4046', '3214', '3198', '3164', '24', '1264']","{'BUF': 9.0, '8154': 14.6, '7527': 0.0, '7526': 8.6, '6083': 5.0, '5906': 7.7, '5880': 17.1, '5086': 13.5, '4046': 31.14, '3214': 0.0, '3198': 7.7, '3164': 0.0, '24': 22.68, '1264': 0.0}",114.34,5,"['4046', '3198', '8154', '7526', '5880', '5906', '5086', '6083', 'BUF']","[31.14, 7.7, 14.6, 8.6, 17.1, 7.7, 13.5, 5.0, 9.0]",10
131,,1,"['KC', '8144', '7528', '6951', '6847', '5892', '4881', '4381', '4036', '3678', '3257', '3199', '2216', '1825', '1535', '1339']","{'KC': 6.0, '8144': 5.5, '7528': 8.9, '6951': 0.0, '6847': 0.0, '5892': 4.9, '4881': 0.0, '4381': 0.1, '4036': 0.0, '3678': 5.0, '3257': 16.48, '3199': 0.0, '2216': 7.9, '1825': 5.2, '1535': 2.5, '1339': 1.7}",58.88,6,"['3257', '1535', '5892', '8144', '2216', '1339', '7528', '3678', 'KC']","[16.48, 2.5, 4.9, 5.5, 7.9, 1.7, 8.9, 5.0, 6.0]",10
132,,7,"['NO', '956', '8136', '8111', '7610', '7596', '6819', '6151', '5848', '5045', '4666', '4035', '2028', '1992', '1466', '1234']","{'NO': 8.0, '956': 0.0, '8136': 10.5, '8111': 5.0, '7610': 0.0, '7596': 0.0, '6819': 7.8, '6151': 5.4, '5848': 0.0, '5045': 9.6, '4666': 1.0, '4035': 6.0, '2028': 17.92, '1992': 6.4, '1466': 17.1, '1234': 12.24}",73.54,7,"['1234', '4035', '6151', '6819', '1992', '1466', '5045', '4666', 'NO']","[12.24, 6.0, 5.4, 7.8, 6.4, 17.1, 9.6, 1.0, 8.0]",10
133,,5,"['PHI', '96', '7588', '6955', '6886', '6794', '6768', '5347', '5185', '5000', '4137', '4089', '4082', '391', '2320']","{'PHI': 8.0, '96': 18.36, '7588': 0.0, '6955': 0.0, '6886': 1.3, '6794': 30.3, '6768': 23.4, '5347': 1.4, '5185': 6.0, '5000': 1.4, '4137': 22.1, '4089': 3.3, '4082': 5.0, '391': 2.0, '2320': 9.0}",97.8,8,"['6768', '4137', '5347', '6794', '5185', '4089', '6886', '391', 'PHI']","[23.4, 22.1, 1.4, 30.3, 6.0, 3.3, 1.3, 2.0, 8.0]",10
134,,3,"['SEA', '6820', '6783', '5916', '5859', '5119', '4973', '4227', '4217', '4034', '3294', '2749', '1426', '1373']","{'SEA': 4.0, '6820': 0.0, '6783': 0.0, '5916': 9.7, '5859': 1.2, '5119': 7.0, '4973': 0.0, '4227': 2.0, '4217': 2.6, '4034': 15.7, '3294': 21.2, '2749': 16.7, '1426': 14.8, '1373': 18.2}",75.2,9,"['1373', '4034', '2749', '5859', '1426', '4217', '6783', '4227', 'SEA']","[18.2, 15.7, 16.7, 1.2, 14.8, 2.6, 0.0, 2.0, 4.0]",10
135,,2,"['CLE', '8155', '8146', '8132', '7839', '7607', '7564', '6943', '6786', '5927', '5844', '503', '4985', '421', '2161', '1837']","{'CLE': -3.0, '8155': 0.0, '8146': 0.0, '8132': 1.8, '7839': 0.0, '7607': 0.0, '7564': 0.0, '6943': 18.3, '6786': 32.5, '5927': 16.8, '5844': 8.0, '503': 7.0, '4985': 0.0, '421': 0.0, '2161': 8.8, '1837': 15.9}",106.1,10,"['1837', '2161', '8132', '5927', '6786', '5844', '6943', '503', 'CLE']","[15.9, 8.8, 1.8, 16.8, 32.5, 8.0, 18.3, 7.0, -3.0]",10
136,,7,"['GB', '8228', '7611', '7601', '6803', '6650', '650', '6126', '5850', '5001', '4018', '3321', '2309', '2307', '167']","{'GB': 6.0, '8228': 9.2, '7611': 0.0, '7601': 13.9, '6803': 8.4, '6650': 8.0, '650': 0.0, '6126': 0.0, '5850': 19.6, '5001': 14.4, '4018': 0.0, '3321': 12.9, '2309': 4.7, '2307': 18.74, '167': 17.02}",107.44,11,"['2307', '5850', '8228', '3321', '7601', '5001', '2309', '6650', 'GB']","[18.74, 19.6, 9.2, 12.9, 13.9, 14.4, 4.7, 8.0, 6.0]",10
137,,4,"['LAR', '8142', '7591', '6801', '6770', '5967', '4993', '4098', '4033', '4029', '3969', '2747', '2505', '2374', '2319']","{'LAR': 3.0, '8142': 0.0, '7591': 39.38, '6801': 0.0, '6770': 0.0, '5967': 20.3, '4993': 4.1, '4098': 2.4, '4033': 0.0, '4029': 22.1, '3969': 11.3, '2747': 6.0, '2505': 0.0, '2374': 11.7, '2319': 0.0}",117.88,12,"['7591', '3969', '4029', '8142', '2374', '4993', '5967', '2747', 'LAR']","[39.38, 11.3, 22.1, 0.0, 11.7, 4.1, 20.3, 6.0, 3.0]",10
138,,2,"['TEN', '8151', '8150', '7670', '6826', '6824', '5870', '5248', '5095', '4988', '4080', '4039', '1689', '1476']","{'TEN': 13.0, '8151': 10.2, '8150': 5.4, '7670': 5.9, '6826': 21.4, '6824': 12.4, '5870': 18.28, '5248': 0.0, '5095': 2.0, '4988': 12.6, '4080': 10.8, '4039': 1.4, '1689': 7.4, '1476': 6.2}",97.18,13,"['5870', '8151', '4988', '4039', '6824', '6826', '7670', '5095', 'TEN']","[18.28, 10.2, 12.6, 1.4, 12.4, 21.4, 5.9, 2.0, 13.0]",10
139,,4,"['MIA', '8172', '8137', '8131', '7741', '7571', '7565', '7561', '7547', '6813', '5284', '5038', '4984', '4195', '1479', '1352']","{'MIA': 7.0, '8172': 1.6, '8137': 13.0, '8131': 0.0, '7741': 3.2, '7571': 0.0, '7565': 4.8, '7561': 9.3, '7547': 17.1, '6813': 23.3, '5284': 21.3, '5038': 5.5, '4984': 20.6, '4195': 3.0, '1479': 0.0, '1352': 2.0}",104.2,14,"['4984', '5284', '6813', '7547', '7565', '8172', '5038', '4195', 'MIA']","[20.6, 21.3, 23.3, 17.1, 4.8, 1.6, 5.5, 3.0, 7.0]",10
140,,5,"['BAL', '8259', '8126', '7045', '6945', '6797', '6149', '5985', '5872', '5849', '5022', '4950', '4663', '4111', '4037', '2197']","{'BAL': 18.0, '8259': 10.0, '8126': 14.9, '7045': 0.0, '6945': 11.8, '6797': 20.2, '6149': 11.1, '5985': 3.8, '5872': 18.9, '5849': 0.0, '5022': 0.0, '4950': 0.0, '4663': 17.0, '4111': 2.4, '4037': 0.0, '2197': 8.5}",113.2,1,"['6797', '4111', '4663', '5872', '6149', '5985', '6945', '8259', 'BAL']","[20.2, 2.4, 17.0, 18.9, 11.1, 3.8, 11.8, 10.0, 18.0]",11
141,,4,"['DAL', '8119', '7608', '7600', '7543', '7042', '6904', '5947', '5937', '5917', '5890', '5846', '4866', '4602', '2449', '1476']","{'DAL': 18.0, '8119': 2.1, '7608': 0.0, '7600': 11.9, '7543': 0.0, '7042': 23.0, '6904': 22.2, '5947': 7.2, '5937': 4.2, '5917': 0.0, '5890': 10.3, '5846': 0.0, '4866': 4.5, '4602': 2.9, '2449': 12.8, '1476': 15.2}",119.0,2,"['6904', '4866', '1476', '2449', '5937', '7600', '5947', '7042', 'DAL']","[22.2, 4.5, 15.2, 12.8, 4.2, 11.9, 7.2, 23.0, 18.0]",11
142,,6,"['NYG', 'NE', '8129', '7569', '7525', '7523', '7090', '6806', '6790', '6528', '6130', '5012', '4983', '4040', '3271', '1166']","{'NYG': 0.0, 'NE': 17.0, '8129': 2.7, '7569': 7.3, '7525': 10.8, '7523': 0.0, '7090': 10.9, '6806': 0.0, '6790': 9.7, '6528': 12.0, '6130': 16.7, '5012': 9.3, '4983': 3.9, '4040': 0.0, '3271': 6.5, '1166': 1.2}",83.4,3,"['1166', '6790', '8129', '4983', '7090', '5012', '6130', '6528', 'NE']","[1.2, 9.7, 2.7, 3.9, 10.9, 9.3, 16.7, 12.0, 17.0]",11
143,,2,"['DEN', '8112', '7606', '7553', '6828', '5230', '5110', '4199', '4149', '4068', '4017', '3225', '3163', '2133']","{'DEN': 1.0, '8112': 6.7, '7606': 0.0, '7553': 5.8, '6828': 2.8, '5230': 7.0, '5110': 0.0, '4199': 10.0, '4149': 24.4, '4068': 2.0, '4017': 0.0, '3225': 5.2, '3163': 6.5, '2133': 29.6}",87.1,4,"['3163', '4199', '4149', '2133', '7606', '7553', '6828', '5230', 'DEN']","[6.5, 10.0, 24.4, 29.6, 0.0, 5.8, 2.8, 7.0, 1.0]",11
144,,7,"['BUF', '8154', '7527', '7526', '6083', '5906', '5880', '5086', '4046', '3214', '3198', '3164', '24', '1264']","{'BUF': 5.0, '8154': 5.7, '7527': 10.14, '7526': 0.0, '6083': 10.0, '5906': 10.5, '5880': 9.2, '5086': 2.3, '4046': 26.46, '3214': 2.5, '3198': 24.36, '3164': 17.2, '24': 8.62, '1264': 7.0}",107.72,5,"['4046', '3198', '8154', '5086', '5880', '5906', '3164', '1264', 'BUF']","[26.46, 24.36, 5.7, 2.3, 9.2, 10.5, 17.2, 7.0, 5.0]",11
145,,1,"['KC', '8144', '7528', '7002', '6951', '6847', '5892', '4881', '4381', '4036', '3678', '3199', '2216', '1825', '1535', '1339']","{'KC': 10.0, '8144': 18.7, '7528': 25.6, '7002': 12.2, '6951': 0.0, '6847': 1.2, '5892': 19.6, '4881': 16.46, '4381': 7.06, '4036': 0.0, '3678': 10.0, '3199': 0.0, '2216': 0.0, '1825': 10.8, '1535': 9.9, '1339': 0.0}",123.66,6,"['4881', '1535', '5892', '8144', '6847', '7002', '7528', '3678', 'KC']","[16.46, 9.9, 19.6, 18.7, 1.2, 12.2, 25.6, 10.0, 10.0]",11
146,,6,"['NO', '956', '8136', '8111', '7610', '7596', '6819', '6151', '5848', '5045', '4666', '4035', '2028', '1992', '1466', '1234']","{'NO': 5.0, '956': 0.0, '8136': 0.0, '8111': 0.0, '7610': 0.0, '7596': 2.7, '6819': 10.5, '6151': 5.3, '5848': 0.0, '5045': 10.5, '4666': 12.0, '4035': 10.9, '2028': 20.28, '1992': 12.7, '1466': 32.5, '1234': 10.68}",110.08,7,"['1234', '4035', '6151', '6819', '1992', '1466', '5045', '4666', 'NO']","[10.68, 10.9, 5.3, 10.5, 12.7, 32.5, 10.5, 12.0, 5.0]",11
147,,4,"['PHI', '96', '7588', '6955', '6886', '6794', '6768', '5347', '5185', '5000', '4137', '4089', '4082', '2320', '1433']","{'PHI': 8.0, '96': 19.08, '7588': 0.0, '6955': 1.0, '6886': 2.1, '6794': 4.8, '6768': 0.0, '5347': -0.8, '5185': 8.2, '5000': 0.6, '4137': 11.4, '4089': 0.0, '4082': 9.3, '2320': 8.5, '1433': 13.0}",74.78,8,"['96', '4137', '6955', '6794', '5185', '0', '4082', '1433', 'PHI']","[19.08, 11.4, 1.0, 4.8, 8.2, 0.0, 9.3, 13.0, 8.0]",11
148,,2,"['WAS', 'SEA', '6820', '6783', '5916', '5859', '4973', '4227', '4217', '4034', '3294', '2749', '1426', '1373']","{'WAS': 19.0, 'SEA': 0.0, '6820': 0.9, '6783': 0.0, '5916': 0.9, '5859': 5.5, '4973': 3.8, '4227': 14.0, '4217': 22.4, '4034': 14.1, '3294': 20.64, '2749': 0.0, '1426': 13.6, '1373': 0.0}",111.04,9,"['3294', '4034', '6820', '5859', '1426', '4217', '5916', '4227', 'WAS']","[20.64, 14.1, 0.9, 5.5, 13.6, 22.4, 0.9, 14.0, 19.0]",11
149,,3,"['CIN', '8155', '8146', '8132', '7839', '7607', '7564', '6943', '6786', '5927', '5844', '503', '4985', '421', '2161', '1837']","{'CIN': 1.0, '8155': 0.0, '8146': 2.2, '8132': 6.9, '7839': 17.0, '7607': 2.2, '7564': 0.0, '6943': 9.3, '6786': 7.0, '5927': 7.6, '5844': 5.9, '503': -2.0, '4985': 0.0, '421': 14.76, '2161': -0.1, '1837': 25.42}",63.32,10,"['1837', '7607', '8132', '5927', '6786', '5844', '6943', '503', 'CIN']","[25.42, 2.2, 6.9, 7.6, 7.0, 5.9, 9.3, -2.0, 1.0]",11
150,,7,"['GB', '8228', '7611', '7601', '6803', '6650', '650', '6126', '5850', '5001', '4018', '3321', '2309', '2307', '167']","{'GB': 5.0, '8228': 1.4, '7611': 11.2, '7601': -0.6, '6803': 15.0, '6650': 11.0, '650': 2.0, '6126': 0.0, '5850': 17.5, '5001': 3.7, '4018': 7.7, '3321': 0.0, '2309': 27.3, '2307': 17.74, '167': 0.0}",116.14,11,"['2307', '5850', '4018', '6803', '2309', '5001', '7611', '6650', 'GB']","[17.74, 17.5, 7.7, 15.0, 27.3, 3.7, 11.2, 11.0, 5.0]",11
151,,5,"['LAR', '8142', '7591', '6801', '6770', '5967', '4993', '49', '4098', '4033', '4029', '3969', '2505', '2374', '2319']","{'LAR': 4.0, '8142': 4.3, '7591': 22.62, '6801': 19.3, '6770': 28.7, '5967': 33.9, '4993': 0.0, '49': 8.0, '4098': 6.4, '4033': 2.7, '4029': 7.2, '3969': 0.0, '2505': 0.0, '2374': 0.0, '2319': 2.9}",108.42,12,"['7591', '5967', '4029', '8142', '6801', '4033', '4098', '49', 'LAR']","[22.62, 33.9, 7.2, 4.3, 19.3, 2.7, 6.4, 8.0, 4.0]",11
152,,1,"['TEN', '8205', '8151', '7670', '6853', '6826', '6824', '5870', '5374', '5248', '5095', '4988', '4080', '4039', '1689']","{'TEN': 5.0, '8205': 10.7, '8151': 0.0, '7670': 26.6, '6853': 5.6, '6826': 5.0, '6824': 14.6, '5870': 26.64, '5374': 8.2, '5248': 0.0, '5095': 13.0, '4988': 8.2, '4080': 0.0, '4039': 0.0, '1689': 3.5}",94.84,13,"['5870', '8205', '4988', '5374', '6824', '6826', '1689', '5095', 'TEN']","[26.64, 10.7, 8.2, 8.2, 14.6, 5.0, 3.5, 13.0, 5.0]",11
153,,3,"['SF', '8172', '8167', '8137', '7571', '7565', '7561', '7547', '6813', '5284', '5038', '4984', '4195', '3242', '1479']","{'SF': 12.0, '8172': 5.0, '8167': 19.1, '8137': 16.3, '7571': 0.0, '7565': 9.1, '7561': 5.9, '7547': 11.5, '6813': 13.9, '5284': 0.0, '5038': 5.6, '4984': 12.58, '4195': 5.0, '3242': 6.3, '1479': 8.9}",94.28,14,"['4984', '3242', '6813', '7547', '1479', '8172', '8167', '4195', 'SF']","[12.58, 6.3, 13.9, 11.5, 8.9, 5.0, 19.1, 5.0, 12.0]",11
154,,4,"['BAL', '8259', '8148', '6945', '6797', '6149', '5985', '5872', '5849', '5022', '4950', '4663', '4147', '4111', '4037']","{'BAL': 7.0, '8259': 5.0, '8148': 0.0, '6945': 6.9, '6797': 28.76, '6149': 7.8, '5985': 10.8, '5872': 5.8, '5849': 26.24, '5022': 0.0, '4950': 6.1, '4663': 19.5, '4147': 17.3, '4111': 11.3, '4037': 23.0}",120.74,1,"['5849', '4147', '4663', '5872', '4037', '5985', '4950', '8259', 'BAL']","[26.24, 17.3, 19.5, 5.8, 23.0, 10.8, 6.1, 5.0, 7.0]",12
155,,5,"['DAL', '7608', '7600', '7543', '7042', '6904', '5947', '5937', '5917', '5890', '5846', '4866', '4602', '2449', '2197', '1476']","{'DAL': 5.0, '7608': 0.0, '7600': 5.4, '7543': 0.3, '7042': 9.0, '6904': 28.82, '5947': 7.7, '5937': 7.4, '5917': 0.0, '5890': 1.6, '5846': 14.5, '4866': 13.2, '4602': 3.5, '2449': 17.7, '2197': 8.6, '1476': 10.3}",104.22,2,"['6904', '4866', '7543', '2449', '5846', '7600', '1476', '7042', 'DAL']","[28.82, 13.2, 0.3, 17.7, 14.5, 5.4, 10.3, 9.0, 5.0]",12
156,,7,"['NE', '8129', '7569', '7525', '7523', '7090', '6806', '6790', '6528', '6130', '5012', '4983', '4040', '3271', '1166']","{'NE': 2.0, '8129': 3.1, '7569': 7.4, '7525': 7.0, '7523': 22.94, '7090': 0.0, '6806': 0.0, '6790': 8.3, '6528': 7.0, '6130': 8.5, '5012': 8.0, '4983': 18.3, '4040': 5.3, '3271': 0.0, '1166': 22.86}",72.14,3,"['7523', '6790', '8129', '7525', '4040', '5012', '6130', '6528', 'NE']","[22.94, 8.3, 3.1, 7.0, 5.3, 8.0, 8.5, 7.0, 2.0]",12
157,,3,"['DEN', '8112', '7606', '7553', '6828', '5230', '4199', '4149', '4068', '4066', '4017', '3225', '3163', '2133']","{'DEN': 2.0, '8112': 3.9, '7606': 0.0, '7553': 0.0, '6828': 16.3, '5230': 6.0, '4199': 17.4, '4149': 9.6, '4068': 0.0, '4066': 0.9, '4017': 0.0, '3225': 2.6, '3163': 17.6, '2133': 10.9}",70.9,4,"['3163', '4199', '4149', '2133', '3225', '4066', '8112', '5230', 'DEN']","[17.6, 17.4, 9.6, 10.9, 2.6, 0.9, 3.9, 6.0, 2.0]",12
158,,7,"['BUF', '8154', '7527', '7526', '6083', '5906', '5880', '5086', '4046', '3214', '3198', '3164', '24', '1264']","{'BUF': 9.0, '8154': 19.5, '7527': 22.28, '7526': 11.0, '6083': 5.0, '5906': 2.7, '5880': 2.4, '5086': 7.6, '4046': 19.4, '3214': 13.8, '3198': 12.2, '3164': 16.0, '24': 9.16, '1264': 14.0}",106.2,5,"['4046', '3198', '8154', '5880', '7526', '5906', '3164', '1264', 'BUF']","[19.4, 12.2, 19.5, 2.4, 11.0, 2.7, 16.0, 14.0, 9.0]",12
159,,1,"['KC', '8144', '7528', '7002', '6951', '6847', '5892', '4881', '4381', '4036', '3678', '3199', '2216', '1535', '1339']","{'KC': 11.0, '8144': 8.7, '7528': 10.4, '7002': 0.0, '6951': 0.0, '6847': 5.4, '5892': 12.8, '4881': 22.06, '4381': 2.5, '4036': 1.4, '3678': -1.0, '3199': 0.0, '2216': 4.1, '1535': 8.6, '1339': 0.0}",76.66,6,"['4881', '1535', '5892', '8144', '2216', '7002', '7528', '3678', 'KC']","[22.06, 8.6, 12.8, 8.7, 4.1, 0.0, 10.4, -1.0, 11.0]",12
160,,5,"['NO', '956', '8136', '8111', '7610', '7596', '6819', '6151', '5848', '5045', '4666', '4035', '2028', '1992', '1466', '1234']","{'NO': 5.0, '956': 1.0, '8136': 15.4, '8111': 0.0, '7610': 0.0, '7596': 13.0, '6819': 15.6, '6151': 29.5, '5848': 7.6, '5045': 10.5, '4666': 8.0, '4035': 2.0, '2028': 22.8, '1992': 0.0, '1466': 13.7, '1234': 7.48}",107.18,7,"['1234', '4035', '6151', '6819', '5045', '1466', '8136', '4666', 'NO']","[7.48, 2.0, 29.5, 15.6, 10.5, 13.7, 15.4, 8.0, 5.0]",12
161,,3,"['PHI', '96', '7588', '6955', '6938', '6886', '6794', '6768', '5347', '5185', '4137', '4089', '4082', '2320', '1433']","{'PHI': 6.0, '96': 11.5, '7588': 0.0, '6955': 0.0, '6938': 3.7, '6886': 6.1, '6794': 24.84, '6768': 15.96, '5347': 0.3, '5185': 3.4, '4137': 18.5, '4089': 5.8, '4082': 1.3, '2320': 0.0, '1433': 3.0}",82.5,8,"['6768', '4137', '6938', '6794', '5185', '4089', '4082', '1433', 'PHI']","[15.96, 18.5, 3.7, 24.84, 3.4, 5.8, 1.3, 3.0, 6.0]",12
162,,1,"['WAS', 'SEA', '8135', '6820', '6783', '5859', '4973', '4227', '4217', '4034', '3294', '2749', '2359', '1426', '1373']","{'WAS': 7.0, 'SEA': 1.0, '8135': 15.0, '6820': 0.0, '6783': 0.0, '5859': 9.6, '4973': 8.7, '4227': 14.0, '4217': 4.1, '4034': 6.9, '3294': 15.84, '2749': 0.0, '2359': 13.0, '1426': 16.7, '1373': 19.32}",105.62,9,"['1373', '4034', '2359', '5859', '1426', '4217', '8135', '4227', 'WAS']","[19.32, 6.9, 13.0, 9.6, 16.7, 4.1, 15.0, 14.0, 7.0]",12
163,,4,"['NYJ', '8155', '8146', '8132', '7839', '7607', '7564', '6943', '6786', '5927', '5844', '503', '4985', '421', '2161', '1837']","{'NYJ': 9.0, '8155': 0.0, '8146': 23.9, '8132': 5.4, '7839': 9.0, '7607': 4.6, '7564': 0.0, '6943': 5.8, '6786': 14.7, '5927': 7.3, '5844': 12.8, '503': 11.0, '4985': 0.0, '421': 0.0, '2161': 4.1, '1837': 13.28}",82.58,10,"['1837', '7607', '2161', '5927', '6786', '5844', '6943', '503', 'NYJ']","[13.28, 4.6, 4.1, 7.3, 14.7, 12.8, 5.8, 11.0, 9.0]",12
164,,6,"['GB', '8228', '8150', '7611', '6803', '6650', '650', '6126', '5850', '5001', '4018', '3321', '2309', '2307', '167']","{'GB': 1.0, '8228': 0.0, '8150': 7.5, '7611': 15.7, '6803': 9.0, '6650': 6.0, '650': 15.0, '6126': 0.0, '5850': 45.3, '5001': 17.1, '4018': 0.0, '3321': 12.0, '2309': 12.9, '2307': 14.86, '167': 18.04}",133.86,11,"['2307', '5850', '7611', '3321', '2309', '5001', '6803', '6650', 'GB']","[14.86, 45.3, 15.7, 12.0, 12.9, 17.1, 9.0, 6.0, 1.0]",12
165,,6,"['TB', 'CAR', '8142', '7591', '6801', '6770', '5967', '4993', '4958', '4098', '4033', '4029', '3969', '2505', '2374', '2319']","{'TB': 6.0, 'CAR': 12.0, '8142': 0.0, '7591': 0.0, '6801': 20.9, '6770': 18.0, '5967': 7.1, '4993': 0.0, '4958': 3.0, '4098': 2.6, '4033': 11.4, '4029': 7.6, '3969': 0.0, '2505': 0.0, '2374': 14.3, '2319': 10.0}",96.9,12,"['6770', '5967', '4029', '2374', '6801', '4033', '4098', '4958', 'CAR']","[18.0, 7.1, 7.6, 14.3, 20.9, 11.4, 2.6, 3.0, 12.0]",12
166,,2,"['MIA', '8205', '8151', '7670', '6853', '6826', '6824', '5870', '5374', '5248', '5095', '4988', '4080', '4039', '1689']","{'MIA': 21.0, '8205': 15.1, '8151': 16.4, '7670': 7.1, '6853': 10.4, '6826': 3.2, '6824': 2.6, '5870': 13.52, '5374': 3.6, '5248': 8.2, '5095': 9.0, '4988': 19.7, '4080': 22.0, '4039': 0.0, '1689': 16.6}",107.62,13,"['5870', '8151', '4988', '7670', '6824', '6826', '8205', '5095', 'MIA']","[13.52, 16.4, 19.7, 7.1, 2.6, 3.2, 15.1, 9.0, 21.0]",12
167,,2,"['SF', '8167', '8137', '8130', '7571', '7565', '7561', '7547', '6813', '5284', '5038', '4984', '4195', '3242', '1479']","{'SF': 17.0, '8167': 19.0, '8137': 9.2, '8130': 0.6, '7571': 0.0, '7565': 1.3, '7561': 5.3, '7547': 23.4, '6813': 17.3, '5284': 11.7, '5038': 8.8, '4984': 29.92, '4195': 11.0, '3242': 0.2, '1479': 13.4}",133.52,14,"['4984', '5284', '6813', '7547', '1479', '8130', '8137', '4195', 'SF']","[29.92, 11.7, 17.3, 23.4, 13.4, 0.6, 9.2, 11.0, 17.0]",12
168,,3,"['BAL', '8259', '8148', '6945', '6797', '6149', '5985', '5872', '5849', '5022', '4950', '4663', '4147', '4111', '4037']","{'BAL': 6.0, '8259': 7.0, '8148': 0.0, '6945': 6.9, '6797': 16.1, '6149': 12.0, '5985': 3.7, '5872': 9.3, '5849': 0.0, '5022': 0.0, '4950': 13.4, '4663': 9.7, '4147': 18.5, '4111': 0.0, '4037': 10.3}",94.0,1,"['6797', '4147', '4663', '5872', '4950', '5985', '4037', '8259', 'BAL']","[16.1, 18.5, 9.7, 9.3, 13.4, 3.7, 10.3, 7.0, 6.0]",13
169,,6,"['DAL', '7608', '7600', '7543', '7042', '6904', '5947', '5937', '5917', '5890', '5846', '4866', '4602', '2449', '2197', '1476']","{'DAL': 22.0, '7608': 0.0, '7600': 9.1, '7543': 5.1, '7042': 7.0, '6904': 33.4, '5947': 3.7, '5937': 8.5, '5917': 0.0, '5890': 0.0, '5846': 22.7, '4866': 16.6, '4602': 1.5, '2449': 18.7, '2197': 0.0, '1476': 8.1}",142.7,2,"['6904', '4866', '1476', '2449', '5846', '7600', '7543', '7042', 'DAL']","[33.4, 16.6, 8.1, 18.7, 22.7, 9.1, 5.1, 7.0, 22.0]",13
170,,7,"['PIT', 'NE', '8129', '8122', '7525', '7523', '7090', '6806', '6790', '6528', '6130', '5012', '4983', '4040', '3271', '1166']","{'PIT': 4.0, 'NE': 5.0, '8129': 11.0, '8122': 14.3, '7525': 18.7, '7523': 16.36, '7090': 0.0, '6806': 0.0, '6790': 19.1, '6528': 8.0, '6130': 11.1, '5012': 7.4, '4983': 0.0, '4040': 5.0, '3271': 2.4, '1166': 11.82}",101.66,3,"['7523', '6790', '8129', '7525', '4040', '5012', '6130', '6528', 'NE']","[16.36, 19.1, 11.0, 18.7, 5.0, 7.4, 11.1, 8.0, 5.0]",13
171,,4,"['DEN', '8112', '7606', '7553', '6828', '5230', '4199', '4149', '4068', '4066', '4017', '3225', '3163', '2133']","{'DEN': 13.0, '8112': 12.5, '7606': 0.0, '7553': 0.0, '6828': 19.4, '5230': 19.0, '4199': 7.5, '4149': 9.5, '4068': 0.0, '4066': 11.5, '4017': 6.34, '3225': 8.0, '3163': 21.6, '2133': 33.7}",121.04,4,"['4017', '4199', '4149', '2133', '3225', '4066', '8112', '5230', 'DEN']","[6.34, 7.5, 9.5, 33.7, 8.0, 11.5, 12.5, 19.0, 13.0]",13
172,,6,"['BUF', '8154', '7527', '7526', '6083', '5906', '5880', '5086', '4046', '3214', '3198', '3164', '24', '1264']","{'BUF': 6.0, '8154': 11.1, '7527': 11.5, '7526': 1.4, '6083': 14.0, '5906': 0.0, '5880': 6.5, '5086': 8.1, '4046': 19.82, '3214': 2.3, '3198': 4.8, '3164': 16.6, '24': 11.12, '1264': 4.0}",70.22,5,"['4046', '3198', '8154', '5880', '7526', '5906', '3164', '1264', 'BUF']","[19.82, 4.8, 11.1, 6.5, 1.4, 0.0, 16.6, 4.0, 6.0]",13
173,,1,"['KC', '8144', '7528', '7002', '6951', '6847', '5892', '4881', '4381', '4036', '3678', '3199', '2216', '1535', '1339']","{'KC': 1.0, '8144': 8.5, '7528': 9.7, '7002': 0.0, '6951': 0.0, '6847': 7.3, '5892': 14.7, '4881': 1.34, '4381': 12.34, '4036': 11.0, '3678': 10.0, '3199': 0.0, '2216': 7.9, '1535': 6.0, '1339': 0.0}",71.48,6,"['4881', '1535', '5892', '8144', '2216', '4381', '7528', '3678', 'KC']","[1.34, 6.0, 14.7, 8.5, 7.9, 12.34, 9.7, 10.0, 1.0]",13
174,,4,"['NO', '956', '8136', '8111', '7610', '7596', '6819', '6151', '5848', '5045', '4666', '4035', '2028', '1992', '1466', '1234']","{'NO': 7.0, '956': 7.4, '8136': 12.9, '8111': 11.8, '7610': 0.0, '7596': 2.7, '6819': 2.6, '6151': 10.8, '5848': 0.0, '5045': 0.0, '4666': 14.0, '4035': 4.7, '2028': 17.0, '1992': 0.0, '1466': 4.6, '1234': 9.66}",73.6,7,"['2028', '4035', '6151', '6819', '5045', '1466', '8136', '4666', 'NO']","[17.0, 4.7, 10.8, 2.6, 0.0, 4.6, 12.9, 14.0, 7.0]",13
175,,2,"['PHI', '96', '7588', '6955', '6938', '6886', '6794', '6768', '6039', '5347', '5185', '4137', '4089', '4082', '2320', '1433']","{'PHI': 10.0, '96': 13.68, '7588': 0.0, '6955': 1.0, '6938': 18.5, '6886': 2.3, '6794': 15.1, '6768': 14.8, '6039': 7.1, '5347': 2.3, '5185': 9.2, '4137': 0.0, '4089': 10.5, '4082': 11.6, '2320': 0.0, '1433': 13.0}",95.7,8,"['6768', '5347', '6938', '6794', '5185', '4089', '6886', '1433', 'PHI']","[14.8, 2.3, 18.5, 15.1, 9.2, 10.5, 2.3, 13.0, 10.0]",13
176,,2,"['WAS', 'SEA', '8135', '6820', '6783', '5859', '4973', '4227', '4217', '4034', '3294', '2749', '2359', '1426', '1373']","{'WAS': 8.0, 'SEA': 9.0, '8135': 9.0, '6820': 0.0, '6783': 8.5, '5859': 27.9, '4973': 2.2, '4227': 5.0, '4217': 3.2, '4034': 24.6, '3294': 17.8, '2749': 3.0, '2359': 0.4, '1426': 0.0, '1373': 22.98}",109.58,9,"['1373', '4034', '2359', '5859', '6783', '4217', '8135', '4227', 'WAS']","[22.98, 24.6, 0.4, 27.9, 8.5, 3.2, 9.0, 5.0, 8.0]",13
177,,5,"['NYJ', '8146', '8132', '7839', '7607', '7564', '6943', '6786', '5927', '5844', '503', '421', '2161', '1837']","{'NYJ': 2.0, '8146': 20.2, '8132': 5.2, '7839': 10.0, '7607': 0.0, '7564': 13.2, '6943': 8.5, '6786': 17.9, '5927': 20.5, '5844': 5.3, '503': 8.0, '421': 0.0, '2161': 13.0, '1837': 2.24}",84.64,10,"['1837', '8132', '2161', '5927', '6786', '5844', '6943', '7839', 'NYJ']","[2.24, 5.2, 13.0, 20.5, 17.9, 5.3, 8.5, 10.0, 2.0]",13
178,,5,"['GB', '8228', '8150', '7611', '6803', '6650', '650', '6126', '5850', '5001', '4018', '3321', '2309', '2307', '167']","{'GB': 10.0, '8228': 2.9, '8150': 0.9, '7611': 9.8, '6803': 7.1, '6650': 9.0, '650': 3.0, '6126': 0.0, '5850': 19.0, '5001': 4.3, '4018': 0.0, '3321': 25.1, '2309': 6.0, '2307': 11.38, '167': 18.14}",95.68,11,"['2307', '5850', '7611', '3321', '2309', '5001', '6803', '650', 'GB']","[11.38, 19.0, 9.8, 25.1, 6.0, 4.3, 7.1, 3.0, 10.0]",13
179,,7,"['TB', '8142', '7591', '6801', '6770', '5967', '4993', '4958', '4098', '4033', '4029', '3969', '2505', '2374', '2319']","{'TB': 3.0, '8142': 16.6, '7591': 21.26, '6801': 11.0, '6770': 30.04, '5967': 23.6, '4993': 0.0, '4958': 5.0, '4098': 7.4, '4033': 0.0, '4029': 15.3, '3969': 11.1, '2505': 0.0, '2374': 23.3, '2319': 2.6}",118.64,12,"['6770', '5967', '4029', '2374', '6801', '4033', '4098', '4958', 'TB']","[30.04, 23.6, 15.3, 23.3, 11.0, 0.0, 7.4, 5.0, 3.0]",13
180,,3,"['CLE', '8205', '8151', '7670', '6853', '6826', '6824', '5870', '5374', '5248', '5095', '4988', '4080', '4039', '1689']","{'CLE': 31.0, '8205': 15.2, '8151': 3.6, '7670': 9.5, '6853': 4.9, '6826': 10.2, '6824': 11.9, '5870': 16.1, '5374': 2.0, '5248': 1.2, '5095': 10.0, '4988': 8.0, '4080': 2.6, '4039': 0.0, '1689': 3.7}",107.3,13,"['5870', '8151', '4988', '1689', '7670', '6826', '8205', '5095', 'CLE']","[16.1, 3.6, 8.0, 3.7, 9.5, 10.2, 15.2, 10.0, 31.0]",13
181,,1,"['SF', '8172', '8167', '8137', '8130', '7571', '7561', '7547', '6996', '6813', '5284', '5038', '4984', '4195', '3242', '1479']","{'SF': 19.0, '8172': 11.5, '8167': 22.9, '8137': 0.7, '8130': 0.0, '7571': 0.0, '7561': 0.0, '7547': 29.1, '6996': 0.0, '6813': 11.8, '5284': 0.3, '5038': 16.3, '4984': 15.92, '4195': 5.0, '3242': 5.6, '1479': 17.8}",133.32,14,"['4984', '5284', '6813', '7547', '1479', '8172', '8167', '4195', 'SF']","[15.92, 0.3, 11.8, 29.1, 17.8, 11.5, 22.9, 5.0, 19.0]",13
182,,2,"['LV', '8259', '8138', '6945', '6797', '6012', '5985', '5872', '5849', '5022', '4950', '4663', '4147', '4111', '4037']","{'LV': 8.0, '8259': 11.0, '8138': 2.0, '6945': 0.0, '6797': 18.48, '6012': 4.4, '5985': 0.0, '5872': 11.4, '5849': 0.66, '5022': 0.0, '4950': 7.0, '4663': 20.4, '4147': 8.9, '4111': 8.0, '4037': 7.9}",92.18,1,"['6797', '4111', '4663', '5872', '4950', '5985', '4037', '8259', 'LV']","[18.48, 8.0, 20.4, 11.4, 7.0, 0.0, 7.9, 11.0, 8.0]",14
183,,7,"['DAL', '7608', '7600', '7543', '7042', '6904', '5947', '5937', '5917', '5890', '5846', '4866', '4455', '4197', '2449', '1476']","{'DAL': 5.0, '7608': 0.0, '7600': 10.8, '7543': 3.2, '7042': 9.0, '6904': 30.38, '5947': 0.0, '5937': 11.2, '5917': 0.0, '5890': 0.0, '5846': 15.6, '4866': 5.8, '4455': 2.5, '4197': 4.3, '2449': 5.2, '1476': 4.6}",89.58,2,"['6904', '7543', '1476', '2449', '5846', '7600', '4866', '7042', 'DAL']","[30.38, 3.2, 4.6, 5.2, 15.6, 10.8, 5.8, 9.0, 5.0]",14
184,,6,"['PIT', 'NE', '8129', '8122', '7525', '7090', '6806', '6790', '6130', '5012', '4983', '4958', '4040', '3271', '1166']","{'PIT': 4.0, 'NE': 21.0, '8129': 10.8, '8122': 14.7, '7525': 14.9, '7090': 0.0, '6806': 18.0, '6790': 5.4, '6130': 4.8, '5012': 2.7, '4983': 0.6, '4958': 11.0, '4040': 17.9, '3271': 2.1, '1166': 25.0}",83.1,3,"['1166', '6790', '8122', '7525', '4983', '5012', '6130', '4958', 'PIT']","[25.0, 5.4, 14.7, 14.9, 0.6, 2.7, 4.8, 11.0, 4.0]",14
185,,5,"['DEN', '8112', '7606', '7553', '6828', '5230', '4199', '4149', '4068', '4066', '4017', '3225', '3163', '2133']","{'DEN': 7.0, '8112': 0.0, '7606': 0.0, '7553': 0.0, '6828': 0.0, '5230': 11.0, '4199': 0.0, '4149': 3.7, '4068': 20.6, '4066': 33.7, '4017': 17.34, '3225': 0.0, '3163': 26.1, '2133': 8.6}",81.34,4,"['4017', '4199', '4149', '2133', '3225', '4066', '8112', '5230', 'DEN']","[17.34, 0.0, 3.7, 8.6, 0.0, 33.7, 0.0, 11.0, 7.0]",14
186,,5,"['BUF', '8154', '7526', '6984', '6083', '5906', '5880', '5086', '4046', '3214', '3198', '3164', '24', '1264']","{'BUF': 15.0, '8154': 0.0, '7526': 4.1, '6984': 0.7, '6083': 6.0, '5906': 12.1, '5880': 0.0, '5086': 2.5, '4046': 22.78, '3214': 8.5, '3198': 17.0, '3164': 15.6, '24': 0.0, '1264': 11.0}",100.78,5,"['4046', '3198', '3164', '7526', '5086', '5906', '6984', '1264', 'BUF']","[22.78, 17.0, 15.6, 4.1, 2.5, 12.1, 0.7, 11.0, 15.0]",14
187,,1,"['KC', '8210', '8144', '7528', '7083', '6847', '5892', '5536', '5119', '4881', '4381', '4036', '3199', '2216', '1535', '1339']","{'KC': 15.0, '8210': 15.5, '8144': 0.0, '7528': 12.0, '7083': 5.62, '6847': 0.0, '5892': 0.0, '5536': 0.0, '5119': 7.0, '4881': 0.0, '4381': 0.0, '4036': 2.0, '3199': 0.0, '2216': 6.4, '1535': 0.0, '1339': 0.0}",63.52,6,"['7083', '5536', '7528', '2216', '4036', '8210', '6847', '5119', 'KC']","[5.62, 0.0, 12.0, 6.4, 2.0, 15.5, 0.0, 7.0, 15.0]",14
188,,3,"['TEN', '8136', '8111', '7610', '7596', '6819', '6151', '5848', '5045', '4951', '4035', '2747', '2028', '1992', '1466', '1234']","{'TEN': -4.0, '8136': 7.2, '8111': 4.8, '7610': 0.0, '7596': 9.0, '6819': 0.0, '6151': 28.0, '5848': 5.4, '5045': 0.0, '4951': 18.4, '4035': 0.0, '2747': 6.0, '2028': 4.58, '1992': 0.0, '1466': 9.1, '1234': 26.58}",79.48,7,"['2028', '8136', '6151', '5848', '4951', '1466', '8111', '2747', 'TEN']","[4.58, 7.2, 28.0, 5.4, 18.4, 9.1, 4.8, 6.0, -4.0]",14
189,,1,"['PHI', '7588', '6938', '6886', '6794', '6768', '5347', '5185', '4177', '4137', '4089', '4082', '2320', '1433', '1352']","{'PHI': 10.0, '7588': 0.0, '6938': 7.8, '6886': 0.0, '6794': 27.8, '6768': 12.6, '5347': 1.2, '5185': 0.0, '4177': 7.2, '4137': 20.4, '4089': 5.3, '4082': 0.0, '2320': 0.0, '1433': 4.0, '1352': 7.4}",102.5,8,"['6768', '4137', '6938', '6794', '1352', '4089', '4177', '1433', 'PHI']","[12.6, 20.4, 7.8, 27.8, 7.4, 5.3, 7.2, 4.0, 10.0]",14
190,,3,"['WAS', 'SEA', '6820', '6783', '5859', '4227', '4217', '4034', '3294', '2749', '2359', '1426', '1373']","{'WAS': 0.0, 'SEA': 1.0, '6820': 0.0, '6783': 29.3, '5859': 15.0, '4227': 11.0, '4217': 4.8, '4034': 28.3, '3294': 14.66, '2749': 4.9, '2359': 2.7, '1426': 8.4, '1373': 22.56}",123.06,9,"['1373', '4034', '2359', '6783', '5859', '4217', '1426', '4227', 'SEA']","[22.56, 28.3, 2.7, 29.3, 15.0, 4.8, 8.4, 11.0, 1.0]",14
191,,6,"['MIN', '8146', '8132', '7839', '7607', '7564', '6943', '6786', '5927', '5844', '5089', '503', '421', '2161', '1837', '1049']","{'MIN': -1.0, '8146': 10.8, '8132': 0.0, '7839': 4.0, '7607': 0.5, '7564': 23.5, '6943': 4.6, '6786': 5.8, '5927': 0.0, '5844': 7.7, '5089': 9.72, '503': 2.0, '421': 0.0, '2161': 28.9, '1837': 0.0, '1049': 17.76}",97.96,10,"['1049', '7607', '2161', '7564', '6786', '5844', '8146', '7839', 'MIN']","[17.76, 0.5, 28.9, 23.5, 5.8, 7.7, 10.8, 4.0, -1.0]",14
192,,4,"['BAL', '8228', '8150', '7611', '6803', '6650', '650', '6126', '5850', '5001', '4018', '3321', '2309', '2307', '167']","{'BAL': 11.0, '8228': 3.7, '8150': 3.4, '7611': 2.0, '6803': 12.7, '6650': 0.0, '650': 11.0, '6126': 0.0, '5850': 18.4, '5001': 11.7, '4018': 11.6, '3321': 22.1, '2309': 5.2, '2307': 0.0, '167': 12.12}",105.12,11,"['167', '5850', '7611', '3321', '2309', '5001', '4018', '650', 'BAL']","[12.12, 18.4, 2.0, 22.1, 5.2, 11.7, 11.6, 11.0, 11.0]",14
193,,7,"['TB', '8142', '7591', '6801', '6770', '5967', '4993', '49', '4098', '4033', '4029', '3969', '2505', '2374', '2319']","{'TB': -1.0, '8142': 0.0, '7591': 0.0, '6801': 0.0, '6770': 17.56, '5967': 20.2, '4993': 0.0, '49': 5.0, '4098': 2.2, '4033': 15.2, '4029': 7.1, '3969': 7.6, '2505': 0.0, '2374': 14.5, '2319': 3.4}",80.76,12,"['6770', '5967', '4029', '2374', '6801', '4033', '4098', '49', 'TB']","[17.56, 20.2, 7.1, 14.5, 0.0, 15.2, 2.2, 5.0, -1.0]",14
194,,4,"['CLE', '8205', '8151', '7670', '7594', '6826', '6824', '6149', '5870', '5857', '5248', '5095', '4988', '4039', '1689']","{'CLE': 4.0, '8205': 10.8, '8151': 0.0, '7670': 7.3, '7594': 17.4, '6826': 0.0, '6824': 15.4, '6149': 5.2, '5870': 19.36, '5857': 0.0, '5248': 6.6, '5095': 12.0, '4988': 6.9, '4039': 0.0, '1689': 16.0}",91.76,13,"['5870', '4988', '8205', '1689', '7670', '5857', '6824', '5095', 'CLE']","[19.36, 6.9, 10.8, 16.0, 7.3, 0.0, 15.4, 12.0, 4.0]",14
195,,2,"['SF', '8172', '8167', '8137', '8130', '7571', '7561', '7547', '6813', '5284', '5209', '5038', '4984', '4195', '3242', '1479']","{'SF': 12.0, '8172': 5.7, '8167': 0.0, '8137': 9.3, '8130': 4.3, '7571': 0.0, '7561': 0.0, '7547': 10.4, '6813': 0.0, '5284': 1.6, '5209': 3.9, '5038': 5.0, '4984': 20.58, '4195': 12.0, '3242': 0.2, '1479': 15.2}",86.38,14,"['4984', '5284', '5209', '7547', '1479', '8172', '5038', '4195', 'SF']","[20.58, 1.6, 3.9, 10.4, 15.2, 5.7, 5.0, 12.0, 12.0]",14
