,adds,consenter_ids,created,creator,draft_picks,drops,roster_ids,settings,status,status_updated,transaction_id,type,waiver_budget,leg,metadata
0,{'8228': 14},[14],1663125871266,455204806886158336,[],{'8142': 14},[14],"TransactionSettings(seq=1, waiver_bid=25)",TransactionStatus.COMPLETE,1663139073941,875617004143456256,TransactionType.WAIVER,[],1,{'notes': 'Your waiver claim was processed successfully!'}
1,{'3423': 14},[14],1663125810752,455204806886158336,[],{'5995': 14},[14],"TransactionSettings(seq=12, waiver_bid=0)",TransactionStatus.FAILED,1663139073941,875616750329446400,TransactionType.WAIVER,[],1,"{'notes': 'Unfortunately, your roster will have too many players after this transaction.'}"
2,{'6824': 8},[8],1663123966744,869626839986032640,[],,[8],"TransactionSettings(seq=7, waiver_bid=2)",TransactionStatus.COMPLETE,1663139073941,875609015999213568,TransactionType.WAIVER,[],1,{'notes': 'Your waiver claim was processed successfully!'}
3,{'49': 8},[8],1663116190454,869626839986032640,[],{'7062': 8},[8],"TransactionSettings(seq=14, waiver_bid=0)",TransactionStatus.COMPLETE,1663139073941,875576399874895872,TransactionType.WAIVER,[],1,{'notes': 'Your waiver claim was processed successfully!'}
4,{'1387': 1},[1],1663114266597,340485204214874112,[],{'8138': 1},[1],"TransactionSettings(seq=6, waiver_bid=4)",TransactionStatus.COMPLETE,1663139073941,875568330633867264,TransactionType.WAIVER,[],1,{'notes': 'Your waiver claim was processed successfully!'}
5,{'5284': 1},[1],1663114252848,340485204214874112,[],{'8138': 1},[1],"TransactionSettings(seq=3, waiver_bid=14)",TransactionStatus.FAILED,1663139073941,875568272966397952,TransactionType.WAIVER,[],1,{'notes': 'This player was claimed by another owner.'}
6,{'2750': 12},[12],1663105631464,618292946139164672,[],{'4197': 12},[12],"TransactionSettings(seq=11, waiver_bid=0)",TransactionStatus.COMPLETE,1663139073941,875532112261001216,TransactionType.WAIVER,[],1,{'notes': 'Your waiver claim was processed successfully!'}
7,{'PIT': 6},[6],1663090822043,605445447401689088,[],{'DEN': 6},[6],"TransactionSettings(seq=10, waiver_bid=0)",TransactionStatus.COMPLETE,1663139073941,875469997047369728,TransactionType.WAIVER,[],1,{'notes': 'Your waiver claim was processed successfully!'}
8,{'5284': 14},[14],1663085811968,455204806886158336,[],{'5995': 14},[14],"TransactionSettings(seq=0, waiver_bid=50)",TransactionStatus.COMPLETE,1663139073941,875448983269687296,TransactionType.WAIVER,[],1,{'notes': 'Your waiver claim was processed successfully!'}
9,{'4381': 3},[3],1663068417317,605176209256583168,[],,[3],"TransactionSettings(seq=5, waiver_bid=6)",TransactionStatus.COMPLETE,1663139073941,875376024815382528,TransactionType.WAIVER,[],1,{'notes': 'Your waiver claim was processed successfully!'}
10,{'7607': 3},[3],1663068345914,605176209256583168,[],,[3],"TransactionSettings(seq=13, waiver_bid=0)",TransactionStatus.COMPLETE,1663139073941,875375725329510400,TransactionType.WAIVER,[],1,{'notes': 'Your waiver claim was processed successfully!'}
11,{'5284': 3},[3],1663068280733,605176209256583168,[],,[3],"TransactionSettings(seq=4, waiver_bid=6)",TransactionStatus.FAILED,1663139073941,875375451940569088,TransactionType.WAIVER,[],1,{'notes': 'This player was claimed by another owner.'}
12,{'3161': 4},[4],1663060435474,605180610515898368,[],{'3294': 4},[4],"TransactionSettings(seq=9, waiver_bid=0)",TransactionStatus.COMPLETE,1663139073941,875342546539372544,TransactionType.WAIVER,[],1,{'notes': 'Your waiver claim was processed successfully!'}
13,{'5284': 4},[4],1663060415027,605180610515898368,[],{'2431': 4},[4],"TransactionSettings(seq=2, waiver_bid=20)",TransactionStatus.FAILED,1663139073941,875342460778393600,TransactionType.WAIVER,[],1,{'notes': 'This player was claimed by another owner.'}
14,{'1373': 9},[9],1663032157377,605279643485933568,[],{'7569': 9},[9],"TransactionSettings(seq=8, waiver_bid=1)",TransactionStatus.COMPLETE,1663139073941,875223939604070400,TransactionType.WAIVER,[],1,{'notes': 'Your waiver claim was processed successfully!'}
15,{'4973': 9},[9],1662978561119,605279643485933568,[],,[9],"TransactionSettings(seq=15, waiver_bid=0)",TransactionStatus.COMPLETE,1663139073941,874999140604637184,TransactionType.WAIVER,[],1,{'notes': 'Your waiver claim was processed successfully!'}
16,{'391': 2},[2],1662768097208,605175435638145024,[],{'7591': 2},[2],,TransactionStatus.COMPLETE,1662768097208,874116390980833280,TransactionType.FREE_AGENT,[],1,
17,{'5995': 14},[14],1662664983714,455204806886158336,[],,[14],,TransactionStatus.COMPLETE,1662664983714,873683901640552448,TransactionType.FREE_AGENT,[],1,
18,{'CIN': 8},[8],1662601406556,869626839986032640,[],{'4131': 8},[8],,TransactionStatus.COMPLETE,1662601406556,873417239712460800,TransactionType.FREE_AGENT,[],1,
19,{'7062': 8},[8],1662600684297,869626839986032640,[],{'7601': 8},[8],,TransactionStatus.COMPLETE,1662600684297,873414210338664448,TransactionType.FREE_AGENT,[],1,
20,{'4089': 8},[8],1662599571992,869626839986032640,[],{'2161': 8},[8],,TransactionStatus.COMPLETE,1662599571992,873409544993345536,TransactionType.FREE_AGENT,[],1,
21,{'2431': 4},[4],1662432216421,605180610515898368,[],{'5052': 4},[4],,TransactionStatus.COMPLETE,1662432216421,872707604852428800,TransactionType.FREE_AGENT,[],1,
22,{'3202': 6},[6],1662381548639,605445447401689088,[],,[6],,TransactionStatus.COMPLETE,1662381548639,872495088771751936,TransactionType.FREE_AGENT,[],1,
23,,[6],1662381529566,605445447401689088,[],{'7607': 6},[6],,TransactionStatus.COMPLETE,1662381529566,872495008773750784,TransactionType.FREE_AGENT,[],1,
24,{'1348': 14},[14],1662339728076,455204806886158336,[],,[14],,TransactionStatus.COMPLETE,1662339728076,872319680617103360,TransactionType.FREE_AGENT,[],1,
25,{'6847': 8},[8],1663735876950,869626839986032640,[],,[8],"TransactionSettings(seq=4, waiver_bid=5)",TransactionStatus.FAILED,1663743887989,878175553423908864,TransactionType.WAIVER,[],2,{'notes': 'This player was claimed by another owner.'}
26,{'6951': 1},[1],1663721402975,340485204214874112,[],{'7606': 1},[1],"TransactionSettings(seq=6, waiver_bid=5)",TransactionStatus.FAILED,1663743887989,878114845172604928,TransactionType.WAIVER,[],2,"{'notes': 'Unfortunately, your roster will have too many players after this transaction.'}"
27,{'5549': 1},[1],1663721382107,340485204214874112,[],{'7606': 1},[1],"TransactionSettings(seq=1, waiver_bid=15)",TransactionStatus.COMPLETE,1663743887989,878114757645996032,TransactionType.WAIVER,[],2,{'notes': 'Your waiver claim was processed successfully!'}
28,{'CHI': 6},[6],1663716366011,605445447401689088,[],{'PIT': 6},[6],"TransactionSettings(seq=10, waiver_bid=1)",TransactionStatus.COMPLETE,1663743887989,878093718614351872,TransactionType.WAIVER,[],2,{'notes': 'Your waiver claim was processed successfully!'}
29,{'1144': 3},[3],1663712411137,605176209256583168,[],{'8121': 3},[3],"TransactionSettings(seq=2, waiver_bid=6)",TransactionStatus.COMPLETE,1663743887989,878077130670510080,TransactionType.WAIVER,[],2,{'notes': 'Your waiver claim was processed successfully!'}
30,{'PHI': 14},[14],1663701523084,455204806886158336,[],{'IND': 14},[14],"TransactionSettings(seq=11, waiver_bid=0)",TransactionStatus.FAILED,1663743887989,878031462866296832,TransactionType.WAIVER,[],2,{'notes': 'This player was claimed by another owner.'}
31,{'1837': 3},[3],1663685663573,605176209256583168,[],{'2306': 3},[3],"TransactionSettings(seq=14, waiver_bid=0)",TransactionStatus.COMPLETE,1663743887989,877964943256010752,TransactionType.WAIVER,[],2,{'notes': 'Your waiver claim was processed successfully!'}
32,{'PHI': 8},[8],1663677789004,869626839986032640,[],{'CIN': 8},[8],"TransactionSettings(seq=8, waiver_bid=3)",TransactionStatus.COMPLETE,1663743887989,877931914919596032,TransactionType.WAIVER,[],2,{'notes': 'Your waiver claim was processed successfully!'}
33,{'7591': 12},[12],1663641630211,618292946139164672,[],{'2750': 12},[12],"TransactionSettings(seq=13, waiver_bid=0)",TransactionStatus.COMPLETE,1663743887989,877780253949923328,TransactionType.WAIVER,[],2,{'notes': 'Your waiver claim was processed successfully!'}
34,{'8408': 11},[11],1663629136160,605266609971470336,[],{'8211': 11},[11],"TransactionSettings(seq=9, waiver_bid=1)",TransactionStatus.FAILED,1663743887989,877727850101559296,TransactionType.WAIVER,[],2,"{'notes': 'Unfortunately, your roster will have too many players after this transaction.'}"
35,{'2161': 11},[11],1663582452168,605266609971470336,[],{'8211': 11},[11],"TransactionSettings(seq=0, waiver_bid=15)",TransactionStatus.COMPLETE,1663743887989,877532043247083520,TransactionType.WAIVER,[],2,{'notes': 'Your waiver claim was processed successfully!'}
36,{'3242': 11},[11],1663582413984,605266609971470336,[],{'8137': 11},[11],"TransactionSettings(seq=5, waiver_bid=5)",TransactionStatus.COMPLETE,1663743887989,877531883091734528,TransactionType.WAIVER,[],2,{'notes': 'Your waiver claim was processed successfully!'}
37,{'3163': 4},[4],1663561160541,605180610515898368,[],{'2431': 4},[4],"TransactionSettings(seq=12, waiver_bid=0)",TransactionStatus.COMPLETE,1663743887989,877442739690684416,TransactionType.WAIVER,[],2,{'notes': 'Your waiver claim was processed successfully!'}
38,{'4036': 6},[6],1663560994383,605445447401689088,[],{'3202': 6},[6],"TransactionSettings(seq=7, waiver_bid=4)",TransactionStatus.COMPLETE,1663743887989,877442042773528576,TransactionType.WAIVER,[],2,{'notes': 'Your waiver claim was processed successfully!'}
39,{'6847': 6},[6],1663560914777,605445447401689088,[],{'5917': 6},[6],"TransactionSettings(seq=3, waiver_bid=5)",TransactionStatus.COMPLETE,1663743887989,877441708881793024,TransactionType.WAIVER,[],2,{'notes': 'Your waiver claim was processed successfully!'}
40,{'956': 7},[7],1663515560520,605263942515773440,[],,[7],,TransactionStatus.COMPLETE,1663515560520,877251479340642304,TransactionType.FREE_AGENT,[],2,
41,{'DEN': 2},[2],1663374223820,605175435638145024,[],,[2],,TransactionStatus.COMPLETE,1663374223820,876658670249910272,TransactionType.FREE_AGENT,[],2,
42,,[3],1663251959046,605176209256583168,[],{'8153': 3},[3],,TransactionStatus.COMPLETE,1663251959046,876145854623416320,TransactionType.FREE_AGENT,[],2,
43,{'8211': 11},[11],1663237976091,605266609971470336,[],{'7594': 11},[11],,TransactionStatus.COMPLETE,1663237976091,876087205859328000,TransactionType.FREE_AGENT,[],2,
44,{'4195': 9},[9],1663180507476,605279643485933568,[],,[9],,TransactionStatus.COMPLETE,1663180507476,875846165017649152,TransactionType.FREE_AGENT,[],2,
45,,[9],1663165097973,605279643485933568,[],{'6126': 9},[9],,TransactionStatus.COMPLETE,1663165097973,875781532877467648,TransactionType.FREE_AGENT,[],2,
46,{'3423': 14},[14],1663156414012,455204806886158336,[],{'956': 14},[14],,TransactionStatus.COMPLETE,1663156414012,875745109705175040,TransactionType.FREE_AGENT,[],2,
47,{'4082': 1},[1],1663147924849,340485204214874112,[],{'7066': 1},[1],,TransactionStatus.COMPLETE,1663147924849,875709503574847488,TransactionType.FREE_AGENT,[],2,
48,{'4958': 8},[8],1664336829707,869626839986032640,[],,[8],"TransactionSettings(seq=3, waiver_bid=1)",TransactionStatus.COMPLETE,1664348707363,880696131976544256,TransactionType.WAIVER,[],3,{'notes': 'Your waiver claim was processed successfully!'}
49,{'5133': 4},[4],1664303722229,605180610515898368,[],{'7090': 4},[4],"TransactionSettings(seq=0, waiver_bid=15)",TransactionStatus.COMPLETE,1664348707363,880557269149052928,TransactionType.WAIVER,[],3,{'notes': 'Your waiver claim was processed successfully!'}
50,{'8121': 4},[4],1664303698366,605180610515898368,[],{'7090': 4},[4],"TransactionSettings(seq=5, waiver_bid=0)",TransactionStatus.FAILED,1664348707363,880557169060339712,TransactionType.WAIVER,[],3,"{'notes': 'Unfortunately, your roster will have too many players after this transaction.'}"
51,{'4958': 3},[3],1664297318456,605176209256583168,[],{'3678': 3},[3],"TransactionSettings(seq=7, waiver_bid=0)",TransactionStatus.FAILED,1664348707363,880530409778290688,TransactionType.WAIVER,[],3,{'notes': 'This player was claimed by another owner.'}
52,{'8121': 3},[3],1664297249211,605176209256583168,[],,[3],"TransactionSettings(seq=6, waiver_bid=0)",TransactionStatus.FAILED,1664348707363,880530119343742976,TransactionType.WAIVER,[],3,"{'notes': 'Unfortunately, your roster will have too many players after this transaction.'}"
53,{'4177': 3},[3],1664297242701,605176209256583168,[],,[3],"TransactionSettings(seq=1, waiver_bid=11)",TransactionStatus.COMPLETE,1664348707363,880530092038733824,TransactionType.WAIVER,[],3,{'notes': 'Your waiver claim was processed successfully!'}
54,,[8],1664282611968,869626839986032640,[],{'7617': 8},[8],,TransactionStatus.COMPLETE,1664282611968,880468726296940544,TransactionType.FREE_AGENT,[],3,
55,,[11],1664276003392,605266609971470336,[],{'7527': 11},[11],,TransactionStatus.COMPLETE,1664276003392,880441007920275456,TransactionType.FREE_AGENT,[],3,
56,{'5133': 14},[14],1664220297110,455204806886158336,[],{'3423': 14},[14],"TransactionSettings(seq=4, waiver_bid=0)",TransactionStatus.FAILED,1664348707363,880207358838861824,TransactionType.WAIVER,[],3,{'notes': 'This player was claimed by another owner.'}
57,{'4177': 14},[14],1664220226625,455204806886158336,[],{'8228': 14},[14],"TransactionSettings(seq=2, waiver_bid=11)",TransactionStatus.FAILED,1664348707363,880207063203463168,TransactionType.WAIVER,[],3,{'notes': 'This player was claimed by another owner.'}
58,{'7617': 8},[8],1664124175865,869626839986032640,[],,[8],,TransactionStatus.COMPLETE,1664124175865,879804197116747776,TransactionType.FREE_AGENT,[],3,
59,{'5272': 8},[8],1664121068836,869626839986032640,[],{'49': 8},[8],,TransactionStatus.COMPLETE,1664121068836,879791165292285952,TransactionType.FREE_AGENT,[],3,
60,,[3],1664115183048,605176209256583168,[],{'1837': 3},[3],,TransactionStatus.COMPLETE,1664115183048,879766478508380160,TransactionType.FREE_AGENT,[],3,
61,{'5917': 2},[2],1664066438681,605175435638145024,[],,[2],,TransactionStatus.COMPLETE,1664066438681,879562029814444032,TransactionType.FREE_AGENT,[],3,
62,,[2],1663874855749,605175435638145024,[],{'DEN': 2},[2],,TransactionStatus.COMPLETE,1663874855749,878758472756613120,TransactionType.FREE_AGENT,[],3,
63,{'6126': 11},[11],1663809110836,605266609971470336,[],{'2161': 11},[11],,TransactionStatus.COMPLETE,1663809110836,878482718604845056,TransactionType.FREE_AGENT,[],3,
64,{'CIN': 14},[14],1663764742850,455204806886158336,[],{'IND': 14},[14],"TransactionSettings(seq=0, waiver_bid=0)",TransactionStatus.COMPLETE,1663913097994,878296625783689216,TransactionType.WAIVER,[],3,{'notes': 'Your waiver claim was processed successfully!'}
65,,[8],1663762610361,869626839986032640,[],{'6824': 8},[8],,TransactionStatus.COMPLETE,1663762610361,878287681476591616,TransactionType.FREE_AGENT,[],3,
66,{'1476': 2},[2],1664935890130,605175435638145024,[],{'5917': 2},[2],"TransactionSettings(seq=1, waiver_bid=12)",TransactionStatus.COMPLETE,1664953523700,883208773504983040,TransactionType.WAIVER,[],4,{'notes': 'Your waiver claim was processed successfully!'}
67,,[2],1664935839968,605175435638145024,[],{'8126': 2},[2],,TransactionStatus.COMPLETE,1664935839968,883208563110162432,TransactionType.FREE_AGENT,[],4,
68,{'4381': 14},[14],1664935041780,455204806886158336,[],{'4993': 14},[14],"TransactionSettings(seq=7, waiver_bid=0)",TransactionStatus.COMPLETE,1664953523700,883205215262916608,TransactionType.WAIVER,[],4,{'notes': 'Your waiver claim was processed successfully!'}
69,{'JAX': 14},[14],1664934974384,455204806886158336,[],{'CIN': 14},[14],"TransactionSettings(seq=6, waiver_bid=0)",TransactionStatus.FAILED,1664953523700,883204932587859968,TransactionType.WAIVER,[],4,{'notes': 'This player was claimed by another owner.'}
70,{'5209': 14},[14],1664934954195,455204806886158336,[],{'8121': 14},[14],"TransactionSettings(seq=2, waiver_bid=11)",TransactionStatus.COMPLETE,1664953523700,883204847908970496,TransactionType.WAIVER,[],4,{'notes': 'Your waiver claim was processed successfully!'}
71,{'3294': 8},[8],1664928101343,869626839986032640,[],,[8],"TransactionSettings(seq=0, waiver_bid=30)",TransactionStatus.COMPLETE,1664953523700,883176104964341760,TransactionType.WAIVER,[],4,{'notes': 'Your waiver claim was processed successfully!'}
72,{'2152': 13},[13],1664922476810,605254631701970944,[],,[13],"TransactionSettings(seq=8, waiver_bid=0)",TransactionStatus.COMPLETE,1664953523700,883152513963237376,TransactionType.WAIVER,[],4,{'notes': 'Your waiver claim was processed successfully!'}
73,,[13],1664922442996,605254631701970944,[],{'8135': 13},[13],,TransactionStatus.COMPLETE,1664922442996,883152372137000960,TransactionType.FREE_AGENT,[],4,
74,{'7569': 13},[13],1664911035946,605254631701970944,[],{'5947': 13},[13],"TransactionSettings(seq=3, waiver_bid=0)",TransactionStatus.COMPLETE,1664953523700,883104527501414400,TransactionType.WAIVER,[],4,{'notes': 'Your waiver claim was processed successfully!'}
75,,[10],1664889768619,737782444484370432,[],{'4017': 10},[10],,TransactionStatus.COMPLETE,1664889768619,883015325862580224,TransactionType.FREE_AGENT,[],4,
76,{'JAX': 1},[1],1664883467181,340485204214874112,[],{'BAL': 1},[1],"TransactionSettings(seq=4, waiver_bid=0)",TransactionStatus.COMPLETE,1664953523700,882988895720116224,TransactionType.WAIVER,[],4,{'notes': 'Your waiver claim was processed successfully!'}
77,{'5209': 1},[1],1664757091775,340485204214874112,[],{'6659': 1},[1],"TransactionSettings(seq=0, waiver_bid=0)",TransactionStatus.FAILED,1664757923875,882458838849376256,TransactionType.WAIVER,[],4,{'notes': 'One of the players you are trying to drop has already started playing.'}
78,{'3423': 11},[11],1664748885506,605266609971470336,[],,[11],"TransactionSettings(seq=9, waiver_bid=0)",TransactionStatus.FAILED,1664953523700,882424419262619648,TransactionType.WAIVER,[],4,"{'notes': 'Unfortunately, your roster will have too many players after this transaction.'}"
79,{'5970': 11},[11],1664748868931,605266609971470336,[],,[11],"TransactionSettings(seq=5, waiver_bid=0)",TransactionStatus.COMPLETE,1664953523700,882424349742096384,TransactionType.WAIVER,[],4,{'notes': 'Your waiver claim was processed successfully!'}
80,{'6659': 1},[1],1664714100213,340485204214874112,[],,[1],,TransactionStatus.COMPLETE,1664714100213,882278519169187840,TransactionType.FREE_AGENT,[],4,
81,{'MIN': 3},[3],1664675340979,605176209256583168,[],{'4381': 3},[3],,TransactionStatus.COMPLETE,1664675340979,882115951158661120,TransactionType.FREE_AGENT,[],4,
82,{'2161': 3},[3],1664675263234,605176209256583168,[],,[3],,TransactionStatus.COMPLETE,1664675263234,882115625072545792,TransactionType.FREE_AGENT,[],4,
83,{'4171': 14},[14],1664655728361,455204806886158336,[],{'3423': 14},[14],,TransactionStatus.COMPLETE,1664655728361,882033689876566016,TransactionType.FREE_AGENT,[],4,
84,{'4080': 2},[2],1664595110195,605175435638145024,[],,[2],,TransactionStatus.COMPLETE,1664595110195,881779438860328960,TransactionType.FREE_AGENT,[],4,
85,{'503': 3},[3],1664546726422,605176209256583168,[],{'6219': 3},[3],,TransactionStatus.COMPLETE,1664546726422,881576502607712256,TransactionType.FREE_AGENT,[],4,
86,,[8],1664488979515,869626839986032640,[],{'5272': 8},[8],,TransactionStatus.COMPLETE,1664488979515,881334294525018112,TransactionType.FREE_AGENT,[],4,
87,{'4234': 5},[5],1664385467945,605249638039109632,[],,[5],,TransactionStatus.COMPLETE,1664385467945,880900135532834816,TransactionType.FREE_AGENT,[],4,
88,{'8121': 14},[14],1664369068596,455204806886158336,[],{'8228': 14},[14],,TransactionStatus.COMPLETE,1664369068596,880831351677591552,TransactionType.FREE_AGENT,[],4,
89,{'6219': 3},[3],1664368296105,605176209256583168,[],{'3678': 3},[3],,TransactionStatus.COMPLETE,1664368296105,880828111615553536,TransactionType.FREE_AGENT,[],4,
90,,[3],1664368072001,605176209256583168,[],{'1144': 3},[3],,TransactionStatus.COMPLETE,1664368072001,880827171655127040,TransactionType.FREE_AGENT,[],4,
91,{'PIT': 1},[1],1664364428973,340485204214874112,[],{'5549': 1},[1],,TransactionStatus.COMPLETE,1664364428973,880811891688325120,TransactionType.FREE_AGENT,[],4,
92,{'6931': 8},[8],1665551074932,869626839986032640,[],,[8],"TransactionSettings(seq=4, waiver_bid=5)",TransactionStatus.COMPLETE,1665558292051,885789045580607488,TransactionType.WAIVER,[],5,{'notes': 'Your waiver claim was processed successfully!'}
93,{'2747': 13},[13],1665548478880,605254631701970944,[],,[13],"TransactionSettings(seq=13, waiver_bid=0)",TransactionStatus.COMPLETE,1665558292051,885778156949241856,TransactionType.WAIVER,[],5,{'notes': 'Your waiver claim was processed successfully!'}
94,{'CHI': 14},[14],1665511071821,455204806886158336,[],{'TEN': 14},[14],"TransactionSettings(seq=12, waiver_bid=0)",TransactionStatus.COMPLETE,1665558292051,885621260372135936,TransactionType.WAIVER,[],5,{'notes': 'Your waiver claim was processed successfully!'}
95,{'7601': 11},[11],1665503492857,605266609971470336,[],{'7567': 11},[11],"TransactionSettings(seq=10, waiver_bid=0)",TransactionStatus.COMPLETE,1665558292051,885589471893258240,TransactionType.WAIVER,[],5,{'notes': 'Your waiver claim was processed successfully!'}
96,{'5947': 11},[11],1665503462946,605266609971470336,[],{'5970': 11},[11],"TransactionSettings(seq=5, waiver_bid=5)",TransactionStatus.FAILED,1665558292051,885589346437505024,TransactionType.WAIVER,[],5,{'notes': 'This player was claimed by another owner.'}
97,{'59': 13},[13],1665502919090,605254631701970944,[],,[13],"TransactionSettings(seq=3, waiver_bid=6)",TransactionStatus.COMPLETE,1665558292051,885587065340125184,TransactionType.WAIVER,[],5,{'notes': 'Your waiver claim was processed successfully!'}
98,,[13],1665502867770,605254631701970944,[],{'7608': 13},[13],,TransactionStatus.COMPLETE,1665502867770,885586850088271872,TransactionType.FREE_AGENT,[],5,
99,{'59': 9},[9],1665502845457,605279643485933568,[],,[9],"TransactionSettings(seq=7, waiver_bid=0)",TransactionStatus.FAILED,1665558292051,885586756500787200,TransactionType.WAIVER,[],5,{'notes': 'This player was claimed by another owner.'}
100,,[9],1665502822694,605279643485933568,[],{'8259': 9},[9],,TransactionStatus.COMPLETE,1665502822694,885586661025726464,TransactionType.FREE_AGENT,[],5,
101,{'1166': 3},[3],1665492427615,605176209256583168,[],{'MIN': 3},[3],"TransactionSettings(seq=8, waiver_bid=0)",TransactionStatus.FAILED,1665558292051,885543060904386560,TransactionType.WAIVER,[],5,{'notes': 'This player was claimed by another owner.'}
102,{'1166': 13},[13],1665490240785,605254631701970944,[],,[13],"TransactionSettings(seq=0, waiver_bid=36)",TransactionStatus.COMPLETE,1665558292051,885533888674521088,TransactionType.WAIVER,[],5,{'notes': 'Your waiver claim was processed successfully!'}
103,,[13],1665490113638,605254631701970944,[],{'1234': 13},[13],,TransactionStatus.COMPLETE,1665490113638,885533355381309440,TransactionType.FREE_AGENT,[],5,
104,,[13],1665489944772,605254631701970944,[],{'2152': 13},[13],,TransactionStatus.COMPLETE,1665489944772,885532647106166784,TransactionType.FREE_AGENT,[],5,
105,{'5947': 2},[2],1665486682004,605175435638145024,[],{'4080': 2},[2],"TransactionSettings(seq=1, waiver_bid=26)",TransactionStatus.COMPLETE,1665558292051,885518962065154048,TransactionType.WAIVER,[],5,{'notes': 'Your waiver claim was processed successfully!'}
106,{'59': 14},[14],1665462129787,455204806886158336,[],{'1348': 14},[14],"TransactionSettings(seq=11, waiver_bid=0)",TransactionStatus.FAILED,1665558292051,885415982603149312,TransactionType.WAIVER,[],5,{'notes': 'This player was claimed by another owner.'}
107,{'5947': 14},[14],1665462101196,455204806886158336,[],{'1352': 14},[14],"TransactionSettings(seq=6, waiver_bid=3)",TransactionStatus.FAILED,1665558292051,885415862683758592,TransactionType.WAIVER,[],5,{'notes': 'This player was claimed by another owner.'}
108,{'4381': 6},[6],1665345971499,605445447401689088,[],,[6],"TransactionSettings(seq=2, waiver_bid=25)",TransactionStatus.COMPLETE,1665558292051,884928779431559168,TransactionType.WAIVER,[],5,{'notes': 'Your waiver claim was processed successfully!'}
109,{'6931': 1},[1],1665342880931,340485204214874112,[],{'1387': 1},[1],"TransactionSettings(seq=9, waiver_bid=0)",TransactionStatus.FAILED,1665558292051,884915816649547776,TransactionType.WAIVER,[],5,{'notes': 'This player was claimed by another owner.'}
110,{'8259': 9},[9],1665260976070,605279643485933568,[],,[9],,TransactionStatus.COMPLETE,1665260976070,884572282763505664,TransactionType.FREE_AGENT,[],5,
111,{'8121': 2},[2],1665245111673,605175435638145024,[],,[2],,TransactionStatus.COMPLETE,1665245111673,884505742659551232,TransactionType.FREE_AGENT,[],5,
112,,[9],1665242218190,605279643485933568,[],{'4195': 9},[9],,TransactionStatus.COMPLETE,1665242218190,884493606512201728,TransactionType.FREE_AGENT,[],5,
113,{'6951': 6},[6],1665238478374,605445447401689088,[],{'1166': 6},[6],,TransactionStatus.COMPLETE,1665238478374,884477920587014144,TransactionType.FREE_AGENT,[],5,
114,{'4066': 14},[14],1665179100215,455204806886158336,[],{'4381': 14},[14],,TransactionStatus.COMPLETE,1665179100215,884228870537187328,TransactionType.FREE_AGENT,[],5,
115,{'4080': 2},[2],1665100542709,605175435638145024,[],,[2],"TransactionSettings(seq=0, waiver_bid=0)",TransactionStatus.COMPLETE,1665251118226,883899376475734016,TransactionType.WAIVER,[],5,{'notes': 'Your waiver claim was processed successfully!'}
116,,[2],1665081801012,605175435638145024,[],{'4080': 2},[2],,TransactionStatus.COMPLETE,1665081801012,883820768100798464,TransactionType.FREE_AGENT,[],5,
117,{'5230': 4},[4],1665030777141,605180610515898368,[],{'17': 4},[4],,TransactionStatus.COMPLETE,1665030777141,883606758474575872,TransactionType.FREE_AGENT,[],5,
118,{'2307': 11},[11],1665003705248,605266609971470336,[],{'3242': 11},[11],,TransactionStatus.COMPLETE,1665003705248,883493210725691392,TransactionType.FREE_AGENT,[],5,
119,{'DEN': 6},[6],1665002270855,605445447401689088,[],{'CHI': 6},[6],,TransactionStatus.COMPLETE,1665002270855,883487194445197312,TransactionType.FREE_AGENT,[],5,
120,{'8137': 14},[14],1664995376060,455204806886158336,[],{'4171': 14},[14],,TransactionStatus.COMPLETE,1664995376060,883458275578941440,TransactionType.FREE_AGENT,[],5,
121,{'TEN': 14},[14],1664974061407,455204806886158336,[],{'CIN': 14},[14],,TransactionStatus.COMPLETE,1664974061407,883368875444649984,TransactionType.FREE_AGENT,[],5,
122,{'7741': 1},[1],1664969113104,340485204214874112,[],{'PIT': 1},[1],,TransactionStatus.COMPLETE,1664969113104,883348120757506048,TransactionType.FREE_AGENT,[],5,
123,,[1],1664969100727,340485204214874112,[],{'4951': 1},[1],,TransactionStatus.COMPLETE,1664969100727,883348068844650496,TransactionType.FREE_AGENT,[],5,
124,{'1433': 4},[4],1666147295003,605180610515898368,[],{'4195': 4},[4],"TransactionSettings(seq=4, waiver_bid=0)",TransactionStatus.COMPLETE,1666163096289,888289773809278976,TransactionType.WAIVER,[],6,{'notes': 'Your waiver claim was processed successfully!'}
125,{'1837': 10},[10],1666123881958,737782444484370432,[],,[10],"TransactionSettings(seq=0, waiver_bid=20)",TransactionStatus.COMPLETE,1666163096289,888191572381155328,TransactionType.WAIVER,[],6,{'notes': 'Your waiver claim was processed successfully!'}
126,{'1837': 2},[2],1666099212697,605175435638145024,[],{'4197': 2},[2],"TransactionSettings(seq=2, waiver_bid=6)",TransactionStatus.FAILED,1666163096289,888088102000832512,TransactionType.WAIVER,[],6,{'notes': 'This player was claimed by another owner.'}
127,,[3],1666098901849,605176209256583168,[],{'4177': 3},[3],,TransactionStatus.COMPLETE,1666098901849,888086798209814528,TransactionType.FREE_AGENT,[],6,
128,{'8172': 1},[1],1666092068628,340485204214874112,[],{'2378': 1},[1],"TransactionSettings(seq=1, waiver_bid=15)",TransactionStatus.COMPLETE,1666163096289,888058137603665920,TransactionType.WAIVER,[],6,{'notes': 'Your waiver claim was processed successfully!'}
129,{'17': 1},[1],1666092008484,340485204214874112,[],{'6083': 1},[1],"TransactionSettings(seq=3, waiver_bid=1)",TransactionStatus.COMPLETE,1666163096289,888057885341458432,TransactionType.WAIVER,[],6,{'notes': 'Your waiver claim was processed successfully!'}
130,{'4195': 4},[4],1665932783175,605180610515898368,[],{'5230': 4},[4],,TransactionStatus.COMPLETE,1665932783175,887390045991534592,TransactionType.FREE_AGENT,[],6,
131,{'8121': 14},[14],1665883367796,455204806886158336,[],{'5987': 14},[14],,TransactionStatus.COMPLETE,1665883367796,887182782869393408,TransactionType.FREE_AGENT,[],6,
132,{'7551': 1},[1],1665853181126,340485204214874112,[],,[1],,TransactionStatus.COMPLETE,1665853181126,887056170799235072,TransactionType.FREE_AGENT,[],6,
133,{'8142': 12},[12],1665791390163,618292946139164672,[],,[12],,TransactionStatus.COMPLETE,1665791390163,886797000715448320,TransactionType.FREE_AGENT,[],6,
134,{'4197': 2},[2],1665786961147,605175435638145024,[],,[2],,TransactionStatus.COMPLETE,1665786961147,886778424075886592,TransactionType.FREE_AGENT,[],6,
135,{'3678': 6},[6],1665778156064,605445447401689088,[],{'1433': 6},[6],,TransactionStatus.COMPLETE,1665778156064,886741492881088512,TransactionType.FREE_AGENT,[],6,
136,{'JAX': 6},[6],1665778087504,605445447401689088,[],{'DEN': 6},[6],"TransactionSettings(seq=0, waiver_bid=0)",TransactionStatus.COMPLETE,1665859523582,886741205319507968,TransactionType.WAIVER,[],6,{'notes': 'Your waiver claim was processed successfully!'}
137,{'JAX': 11},[11],1665704962766,605266609971470336,[],{'GB': 11},[11],"TransactionSettings(seq=1, waiver_bid=0)",TransactionStatus.FAILED,1665859523582,886434497938714624,TransactionType.WAIVER,[],6,{'notes': 'This player was claimed by another owner.'}
138,,[5],1665701367193,605249638039109632,[],{'8139': 5},[5],,TransactionStatus.COMPLETE,1665701367193,886419417012473856,TransactionType.FREE_AGENT,[],6,
139,{'7045': 1},[1],1665697183190,340485204214874112,[],{'6659': 1},[1],,TransactionStatus.COMPLETE,1665697183190,886401868031528960,TransactionType.FREE_AGENT,[],6,
140,{'2378': 1},[1],1665697038536,340485204214874112,[],{'1387': 1},[1],,TransactionStatus.COMPLETE,1665697038536,886401261308780544,TransactionType.FREE_AGENT,[],6,
141,{'BAL': 1},[1],1665689791992,340485204214874112,[],{'JAX': 1},[1],,TransactionStatus.COMPLETE,1665689791992,886370867100266496,TransactionType.FREE_AGENT,[],6,
142,{'7090': 3},[3],1665685367400,605176209256583168,[],{'MIN': 3},[3],,TransactionStatus.COMPLETE,1665685367400,886352309016342528,TransactionType.FREE_AGENT,[],6,
143,,[2],1665680232442,605175435638145024,[],{'8121': 2},[2],,TransactionStatus.COMPLETE,1665680232442,886330771437445120,TransactionType.FREE_AGENT,[],6,
144,{'1234': 7},[7],1665630108783,605263942515773440,[],{'8167': 7},[7],"TransactionSettings(seq=0, waiver_bid=0)",TransactionStatus.COMPLETE,1665659701754,886120537578049536,TransactionType.WAIVER,[],6,{'notes': 'Your waiver claim was processed successfully!'}
145,{'5010': 10},[10],1665623675044,737782444484370432,[],,[10],,TransactionStatus.COMPLETE,1665623675044,886093552520818688,TransactionType.FREE_AGENT,[],6,
146,{'LAR': 12},[12],1666744310134,618292946139164672,[],,[12],"TransactionSettings(seq=9, waiver_bid=0)",TransactionStatus.COMPLETE,1666767889503,890793836761325568,TransactionType.WAIVER,[],7,{'notes': 'Your waiver claim was processed successfully!'}
147,{'6850': 12},[12],1666744096933,618292946139164672,[],,[12],"TransactionSettings(seq=8, waiver_bid=0)",TransactionStatus.FAILED,1666767889503,890792942531469312,TransactionType.WAIVER,[],7,{'notes': 'This player was claimed by another owner.'}
148,{'6850': 13},[13],1666729490893,605254631701970944,[],,[13],"TransactionSettings(seq=3, waiver_bid=8)",TransactionStatus.COMPLETE,1666767889503,890731680359493632,TransactionType.WAIVER,[],7,{'notes': 'Your waiver claim was processed successfully!'}
149,,[13],1666729244932,605254631701970944,[],{'7569': 13},[13],,TransactionStatus.COMPLETE,1666729244932,890730648724332544,TransactionType.FREE_AGENT,[],7,
150,,[13],1666729077823,605254631701970944,[],{'6945': 13},[13],,TransactionStatus.COMPLETE,1666729077823,890729947818397696,TransactionType.FREE_AGENT,[],7,
151,{'7607': 14},[14],1666711093630,455204806886158336,[],,[14],"TransactionSettings(seq=2, waiver_bid=11)",TransactionStatus.FAILED,1666767889503,890654516645732352,TransactionType.WAIVER,[],7,{'notes': 'This player was claimed by another owner.'}
152,,[14],1666711033948,455204806886158336,[],{'1049': 14},[14],,TransactionStatus.COMPLETE,1666711033948,890654266321190912,TransactionType.FREE_AGENT,[],7,
153,{'7607': 4},[4],1666708375222,605180610515898368,[],{'3161': 4},[4],"TransactionSettings(seq=1, waiver_bid=15)",TransactionStatus.FAILED,1666767889503,890643114816151552,TransactionType.WAIVER,[],7,{'notes': 'This player was claimed by another owner.'}
154,{'4197': 2},[2],1666704793245,605175435638145024,[],,[2],"TransactionSettings(seq=7, waiver_bid=2)",TransactionStatus.COMPLETE,1666767889503,890628090915631104,TransactionType.WAIVER,[],7,{'notes': 'Your waiver claim was processed successfully!'}
155,{'7608': 2},[2],1666704763183,605175435638145024,[],{'8160': 2},[2],"TransactionSettings(seq=4, waiver_bid=6)",TransactionStatus.COMPLETE,1666767889503,890627964826492928,TransactionType.WAIVER,[],7,{'notes': 'Your waiver claim was processed successfully!'}
156,{'4993': 8},[8],1666660734912,869626839986032640,[],{'PIT': 8},[8],"TransactionSettings(seq=5, waiver_bid=5)",TransactionStatus.COMPLETE,1666767889503,890443296873582592,TransactionType.WAIVER,[],7,{'notes': 'Your waiver claim was processed successfully!'}
157,{'7607': 10},[10],1666660260609,737782444484370432,[],,[10],"TransactionSettings(seq=0, waiver_bid=20)",TransactionStatus.COMPLETE,1666767889503,890441307502878720,TransactionType.WAIVER,[],7,{'notes': 'Your waiver claim was processed successfully!'}
158,{'5995': 14},[14],1666553298321,455204806886158336,[],{'8121': 14},[14],"TransactionSettings(seq=6, waiver_bid=3)",TransactionStatus.COMPLETE,1666767889503,889992675150483456,TransactionType.WAIVER,[],7,{'notes': 'Your waiver claim was processed successfully!'}
159,{'PIT': 8},[8],1666540519397,869626839986032640,[],,[8],,TransactionStatus.COMPLETE,1666540519397,889939076458299392,TransactionType.FREE_AGENT,[],7,
160,{'5347': 3},[3],1666540502474,605176209256583168,[],,[3],,TransactionStatus.COMPLETE,1666540502474,889939005477928960,TransactionType.FREE_AGENT,[],7,
161,,[3],1666540489733,605176209256583168,[],{'8150': 3},[3],,TransactionStatus.COMPLETE,1666540489733,889938952038547456,TransactionType.FREE_AGENT,[],7,
162,{'4962': 1},[1],1666539864003,340485204214874112,[],{'7045': 1},[1],,TransactionStatus.COMPLETE,1666539864003,889936327536373760,TransactionType.FREE_AGENT,[],7,
163,{'4080': 13},[13],1666539577295,605254631701970944,[],{'4993': 13},[13],,TransactionStatus.COMPLETE,1666539577295,889935124995948544,TransactionType.FREE_AGENT,[],7,
164,{'5248': 3},[3],1666446914619,605176209256583168,[],,[3],,TransactionStatus.COMPLETE,1666446914619,889546469563150336,TransactionType.FREE_AGENT,[],7,
165,{'CIN': 6},[6],1666444227791,605445447401689088,[],{'JAX': 6},[6],,TransactionStatus.COMPLETE,1666444227791,889535200189755392,TransactionType.FREE_AGENT,[],7,
166,{'7594': 1},[1],1666325827188,340485204214874112,[],{'3664': 1},[1],,TransactionStatus.COMPLETE,1666325827188,889038592067293184,TransactionType.FREE_AGENT,[],7,
167,{'4111': 1},[1],1666325610602,340485204214874112,[],{'7741': 1},[1],,TransactionStatus.COMPLETE,1666325610602,889037683639472128,TransactionType.FREE_AGENT,[],7,
168,{'3242': 1},[1],1666310473214,340485204214874112,[],,[1],,TransactionStatus.COMPLETE,1666310473214,888974192832856064,TransactionType.FREE_AGENT,[],7,
169,{'1266': 1},[1],1666310280609,340485204214874112,[],,[1],,TransactionStatus.COMPLETE,1666310280609,888973384988930048,TransactionType.FREE_AGENT,[],7,
170,{'1476': 13},[13],1666303209913,605254631701970944,[],,[13],"TransactionSettings(seq=0, waiver_bid=10)",TransactionStatus.COMPLETE,1666361669493,888943728340074496,TransactionType.WAIVER,[],7,{'notes': 'Your waiver claim was processed successfully!'}
171,{'NYJ': 13},[13],1666302800585,605254631701970944,[],{'SF': 13},[13],,TransactionStatus.COMPLETE,1666302800585,888942011489652736,TransactionType.FREE_AGENT,[],7,
172,{'2078': 13},[13],1666302742344,605254631701970944,[],{'6826': 13},[13],,TransactionStatus.COMPLETE,1666302742344,888941767213563904,TransactionType.FREE_AGENT,[],7,
173,{'503': 3},[3],1666270220695,605176209256583168,[],{'5119': 3},[3],"TransactionSettings(seq=0, waiver_bid=0)",TransactionStatus.COMPLETE,1666439672086,888805361531002880,TransactionType.WAIVER,[],7,{'notes': 'Your waiver claim was processed successfully!'}
174,{'5119': 3},[3],1666270204667,605176209256583168,[],,[3],,TransactionStatus.COMPLETE,1666270204667,888805294304657408,TransactionType.FREE_AGENT,[],7,
175,{'8150': 3},[3],1666270180525,605176209256583168,[],{'503': 3},[3],,TransactionStatus.COMPLETE,1666270180525,888805193045737472,TransactionType.FREE_AGENT,[],7,
176,{'3271': 3},[3],1666264171482,605176209256583168,[],{'7527': 3},[3],"TransactionSettings(seq=0, waiver_bid=32)",TransactionStatus.COMPLETE,1666344928325,888779989292642304,TransactionType.WAIVER,[],7,{'notes': 'Your waiver claim was processed successfully!'}
177,{'4171': 3},[3],1666264067929,605176209256583168,[],{'7607': 3},[3],,TransactionStatus.COMPLETE,1666264067929,888779554959937536,TransactionType.FREE_AGENT,[],7,
178,{'2747': 12},[12],1666224063519,618292946139164672,[],{'7042': 12},[12],"TransactionSettings(seq=0, waiver_bid=1)",TransactionStatus.COMPLETE,1666346128306,888611764303179776,TransactionType.WAIVER,[],7,{'notes': 'Your waiver claim was processed successfully!'}
179,{'DEN': 12},[12],1666223891329,618292946139164672,[],{'LAR': 12},[12],,TransactionStatus.COMPLETE,1666223891329,888611042085818368,TransactionType.FREE_AGENT,[],7,
180,,[12],1666223730019,618292946139164672,[],{'7670': 12},[12],,TransactionStatus.COMPLETE,1666223730019,888610365502590976,TransactionType.FREE_AGENT,[],7,
181,{'LV': 5},[5],1666213795337,605249638039109632,[],,[5],,TransactionStatus.COMPLETE,1666213795337,888568696426225664,TransactionType.FREE_AGENT,[],7,
182,,[5],1666213701820,605249638039109632,[],{'4234': 5},[5],,TransactionStatus.COMPLETE,1666213701820,888568304187637760,TransactionType.FREE_AGENT,[],7,
183,,[1],1666207319543,340485204214874112,[],{'7551': 1},[1],,TransactionStatus.COMPLETE,1666207319543,888541534977609728,TransactionType.FREE_AGENT,[],7,
184,,[8],1666203616393,869626839986032640,[],{'6931': 8},[8],,TransactionStatus.COMPLETE,1666203616393,888526002840764416,TransactionType.FREE_AGENT,[],7,
185,{'8160': 2},[2],1666192288997,605175435638145024,[],{'1476': 2},[2],,TransactionStatus.COMPLETE,1666192288997,888478492298309632,TransactionType.FREE_AGENT,[],7,
186,,[2],1666192202259,605175435638145024,[],{'5347': 2},[2],,TransactionStatus.COMPLETE,1666192202259,888478128492785664,TransactionType.FREE_AGENT,[],7,
187,,[2],1666192164413,605175435638145024,[],{'4197': 2},[2],,TransactionStatus.COMPLETE,1666192164413,888477969755181056,TransactionType.FREE_AGENT,[],7,
188,,[10],1666186703015,737782444484370432,[],{'6843': 10},[10],,TransactionStatus.COMPLETE,1666186703015,888455062991716352,TransactionType.FREE_AGENT,[],7,
189,{'7527': 3},[3],1666185058129,605176209256583168,[],{'2161': 3},[3],,TransactionStatus.COMPLETE,1666185058129,888448163839741952,TransactionType.FREE_AGENT,[],7,
190,{'MIA': 14},[14],1666182240230,455204806886158336,[],{'CHI': 14},[14],,TransactionStatus.COMPLETE,1666182240230,888436344714596352,TransactionType.FREE_AGENT,[],7,
191,{'3467': 14},[14],1666182219997,455204806886158336,[],{'1348': 14},[14],,TransactionStatus.COMPLETE,1666182219997,888436259851481088,TransactionType.FREE_AGENT,[],7,
192,{'1049': 14},[14],1666182165991,455204806886158336,[],{'5209': 14},[14],,TransactionStatus.COMPLETE,1666182165991,888436033333821440,TransactionType.FREE_AGENT,[],7,
193,{'7002': 13},[13],1666176605770,605254631701970944,[],{'2747': 13},[13],,TransactionStatus.COMPLETE,1666176605770,888412712076595200,TransactionType.FREE_AGENT,[],7,
194,{'6824': 13},[13],1666176388728,605254631701970944,[],{'4951': 13},[13],,TransactionStatus.COMPLETE,1666176388728,888411801736351744,TransactionType.FREE_AGENT,[],7,
195,{'4951': 13},[13],1666176267526,605254631701970944,[],,[13],,TransactionStatus.COMPLETE,1666176267526,888411293378523136,TransactionType.FREE_AGENT,[],7,
196,,[13],1666176140123,605254631701970944,[],{'8160': 13},[13],,TransactionStatus.COMPLETE,1666176140123,888410759011418112,TransactionType.FREE_AGENT,[],7,
197,{'8160': 13},[13],1666176065990,605254631701970944,[],,[13],,TransactionStatus.COMPLETE,1666176065990,888410448075112448,TransactionType.FREE_AGENT,[],7,
198,{'4993': 13},[13],1666175927175,605254631701970944,[],,[13],,TransactionStatus.COMPLETE,1666175927175,888409865842872320,TransactionType.FREE_AGENT,[],7,
199,,[13],1666175708032,605254631701970944,[],{'59': 13},[13],,TransactionStatus.COMPLETE,1666175708032,888408946690551808,TransactionType.FREE_AGENT,[],7,
200,,[13],1666175641904,605254631701970944,[],{'1166': 13},[13],,TransactionStatus.COMPLETE,1666175641904,888408669329580032,TransactionType.FREE_AGENT,[],7,
201,{'5870': 13},[13],1666175607889,605254631701970944,[],,[13],,TransactionStatus.COMPLETE,1666175607889,888408526660259840,TransactionType.FREE_AGENT,[],7,
202,,[13],1666175504977,605254631701970944,[],{'3271': 13},[13],,TransactionStatus.COMPLETE,1666175504977,888408095016161280,TransactionType.FREE_AGENT,[],7,
203,{'5347': 8},[8],1667370426604,869626839986032640,[],{'4993': 8},[8],"TransactionSettings(seq=0, waiver_bid=54)",TransactionStatus.COMPLETE,1667372708116,893419959575957504,TransactionType.WAIVER,[],8,{'notes': 'Your waiver claim was processed successfully!'}
204,,[13],1667358143422,605254631701970944,[],{'5870': 13},[13],,TransactionStatus.COMPLETE,1667358143422,893368440176566272,TransactionType.FREE_AGENT,[],8,
205,,[13],1667358119331,605254631701970944,[],{'6850': 13},[13],,TransactionStatus.COMPLETE,1667358119331,893368339131641856,TransactionType.FREE_AGENT,[],8,
206,{'5347': 8},[8],1667351361214,869626839986032640,[],{'5000': 8},[8],"TransactionSettings(seq=1, waiver_bid=54)",TransactionStatus.FAILED,1667372708116,893339993534345216,TransactionType.WAIVER,[],8,{'notes': 'This player was claimed by another owner.'}
207,{'5347': 14},[14],1667350722048,455204806886158336,[],{'6039': 14},[14],"TransactionSettings(seq=2, waiver_bid=11)",TransactionStatus.FAILED,1667372708116,893337312677883904,TransactionType.WAIVER,[],8,{'notes': 'This player was claimed by another owner.'}
208,{'5284': 14},[14],1667331413754,455204806886158336,[],{'5995': 14},[14],"TransactionSettings(seq=3, waiver_bid=11)",TransactionStatus.COMPLETE,1667372708116,893256327823241216,TransactionType.WAIVER,[],8,{'notes': 'Your waiver claim was processed successfully!'}
209,{'8121': 1},[1],1667329324347,340485204214874112,[],{'8126': 1},[1],"TransactionSettings(seq=9, waiver_bid=0)",TransactionStatus.COMPLETE,1667372708116,893247564215144448,TransactionType.WAIVER,[],8,{'notes': 'Your waiver claim was processed successfully!'}
210,{'17': 4},[4],1667329088008,605180610515898368,[],{'1433': 4},[4],"TransactionSettings(seq=4, waiver_bid=0)",TransactionStatus.COMPLETE,1667372708116,893246572937506816,TransactionType.WAIVER,[],8,{'notes': 'Your waiver claim was processed successfully!'}
211,{'17': 1},[1],1667329029461,340485204214874112,[],{'1266': 1},[1],"TransactionSettings(seq=8, waiver_bid=0)",TransactionStatus.FAILED,1667372708116,893246327369256960,TransactionType.WAIVER,[],8,{'notes': 'This player was claimed by another owner.'}
212,{'MIN': 1},[1],1667329002024,340485204214874112,[],{'IND': 1},[1],"TransactionSettings(seq=6, waiver_bid=0)",TransactionStatus.COMPLETE,1667372708116,893246212294238208,TransactionType.WAIVER,[],8,{'notes': 'Your waiver claim was processed successfully!'}
213,{'17': 3},[3],1667314121071,605176209256583168,[],{'503': 3},[3],"TransactionSettings(seq=5, waiver_bid=0)",TransactionStatus.FAILED,1667372708116,893183797053693952,TransactionType.WAIVER,[],8,{'notes': 'This player was claimed by another owner.'}
214,{'7002': 12},[12],1667146719962,618292946139164672,[],,[12],,TransactionStatus.COMPLETE,1667146719962,892481665912598528,TransactionType.FREE_AGENT,[],8,
215,{'5119': 9},[9],1667144304233,605279643485933568,[],{'LAC': 9},[9],,TransactionStatus.COMPLETE,1667144304233,892471533611085824,TransactionType.FREE_AGENT,[],8,
216,{'SEA': 9},[9],1667144008720,605279643485933568,[],{'1992': 9},[9],,TransactionStatus.COMPLETE,1667144008720,892470294139396096,TransactionType.FREE_AGENT,[],8,
217,{'ATL': 6},[6],1667142706718,605445447401689088,[],{'CIN': 6},[6],,TransactionStatus.COMPLETE,1667142706718,892464833147441152,TransactionType.FREE_AGENT,[],8,
218,{'8131': 14},[14],1666985125791,455204806886158336,[],{'4066': 14},[14],"TransactionSettings(seq=7, waiver_bid=0)",TransactionStatus.COMPLETE,1667372708116,891803890834882560,TransactionType.WAIVER,[],8,{'notes': 'Your waiver claim was processed successfully!'}
219,{'1346': 1},[1],1666973713128,340485204214874112,[],,[1],,TransactionStatus.COMPLETE,1666973713128,891756022656806912,TransactionType.FREE_AGENT,[],8,
220,{'5846': 2},[2],1666921297590,605175435638145024,[],{'4197': 2},[2],"TransactionSettings(seq=0, waiver_bid=26)",TransactionStatus.COMPLETE,1667085891410,891536175956205568,TransactionType.WAIVER,[],8,{'notes': 'Your waiver claim was processed successfully!'}
221,{'TEN': 13},[13],1666916412202,605254631701970944,[],{'NYJ': 13},[13],,TransactionStatus.COMPLETE,1666916412202,891515685153710080,TransactionType.FREE_AGENT,[],8,
222,{'5880': 5},[5],1666916282036,605249638039109632,[],,[5],,TransactionStatus.COMPLETE,1666916282036,891515139197939712,TransactionType.FREE_AGENT,[],8,
223,,[5],1666916248201,605249638039109632,[],{'5846': 5},[5],,TransactionStatus.COMPLETE,1666916248201,891514997283639296,TransactionType.FREE_AGENT,[],8,
224,{'8172': 13},[13],1666892867369,605254631701970944,[],{'7002': 13},[13],"TransactionSettings(seq=0, waiver_bid=5)",TransactionStatus.COMPLETE,1666969477978,891416930966409216,TransactionType.WAIVER,[],8,{'notes': 'Your waiver claim was processed successfully!'}
225,{'7606': 14},[14],1666892330817,455204806886158336,[],,[14],,TransactionStatus.COMPLETE,1666892330817,891414680504254464,TransactionType.FREE_AGENT,[],8,
226,{'6945': 1},[1],1666888984455,340485204214874112,[],{'4962': 1},[1],"TransactionSettings(seq=0, waiver_bid=65)",TransactionStatus.COMPLETE,1666898701725,891400644844552192,TransactionType.WAIVER,[],8,{'notes': 'Your waiver claim was processed successfully!'}
227,{'8126': 1},[1],1666888956761,340485204214874112,[],{'3242': 1},[1],,TransactionStatus.COMPLETE,1666888956761,891400528687579136,TransactionType.FREE_AGENT,[],8,
228,{'7527': 5},[5],1666874682983,605249638039109632,[],,[5],,TransactionStatus.COMPLETE,1666874682983,891340660123496448,TransactionType.FREE_AGENT,[],8,
229,{'1166': 3},[3],1666873474059,605176209256583168,[],{'5880': 3},[3],,TransactionStatus.COMPLETE,1666873474059,891335589528580096,TransactionType.FREE_AGENT,[],8,
230,{'5880': 3},[3],1666873411551,605176209256583168,[],,[3],,TransactionStatus.COMPLETE,1666873411551,891335327351013376,TransactionType.FREE_AGENT,[],8,
231,{'8150': 3},[3],1666873395913,605176209256583168,[],{'5347': 3},[3],,TransactionStatus.COMPLETE,1666873395913,891335261760581632,TransactionType.FREE_AGENT,[],8,
232,,[3],1666873335632,605176209256583168,[],{'4171': 3},[3],,TransactionStatus.COMPLETE,1666873335632,891335008923717632,TransactionType.FREE_AGENT,[],8,
233,{'8111': 7},[7],1666829358084,605263942515773440,[],,[7],,TransactionStatus.COMPLETE,1666829358084,891150553718190080,TransactionType.FREE_AGENT,[],8,
234,{'JAX': 10},[10],1666820592756,737782444484370432,[],,[10],,TransactionStatus.COMPLETE,1666820592756,891113789268021248,TransactionType.FREE_AGENT,[],8,
235,{'SF': 11},[11],1666818433657,605266609971470336,[],{'GB': 11},[11],,TransactionStatus.COMPLETE,1666818433657,891104733350297600,TransactionType.FREE_AGENT,[],8,
236,{'IND': 1},[1],1666812874293,340485204214874112,[],,[1],,TransactionStatus.COMPLETE,1666812874293,891081415687680000,TransactionType.FREE_AGENT,[],8,
237,{'7045': 1},[1],1666812863435,340485204214874112,[],,[1],,TransactionStatus.COMPLETE,1666812863435,891081370145918976,TransactionType.FREE_AGENT,[],8,
238,,[1],1666812855574,340485204214874112,[],{'BAL': 1},[1],,TransactionStatus.COMPLETE,1666812855574,891081337174503424,TransactionType.FREE_AGENT,[],8,
239,,[1],1666812593919,340485204214874112,[],{'17': 1},[1],,TransactionStatus.COMPLETE,1666812593919,891080239713964032,TransactionType.FREE_AGENT,[],8,
240,{'6039': 14},[14],1666808399512,455204806886158336,[],,[14],,TransactionStatus.COMPLETE,1666808399512,891062647095840768,TransactionType.FREE_AGENT,[],8,
241,,[14],1666808376535,455204806886158336,[],{'5284': 14},[14],,TransactionStatus.COMPLETE,1666808376535,891062550723284992,TransactionType.FREE_AGENT,[],8,
242,{'6945': 4},[4],1666803137440,605180610515898368,[],{'3161': 4},[4],"TransactionSettings(seq=2, waiver_bid=0)",TransactionStatus.FAILED,1666898701725,891040576366247936,TransactionType.WAIVER,[],8,{'notes': 'This player was claimed by another owner.'}
243,,[1],1666799703308,340485204214874112,[],{'8172': 1},[1],,TransactionStatus.COMPLETE,1666799703308,891026172572524544,TransactionType.FREE_AGENT,[],8,
244,{'4195': 14},[14],1666791574076,455204806886158336,[],{'3467': 14},[14],,TransactionStatus.COMPLETE,1666791574076,890992076102287360,TransactionType.FREE_AGENT,[],8,
245,{'6945': 14},[14],1666791550930,455204806886158336,[],{'5995': 14},[14],"TransactionSettings(seq=1, waiver_bid=1)",TransactionStatus.FAILED,1666898701725,890991979020865536,TransactionType.WAIVER,[],8,{'notes': 'This player was claimed by another owner.'}
246,{'7042': 2},[2],1666785289748,605175435638145024,[],{'391': 2},[2],,TransactionStatus.COMPLETE,1666785289748,890965717720395776,TransactionType.FREE_AGENT,[],8,
247,,[2],1666784931215,605175435638145024,[],{'8119': 2},[2],,TransactionStatus.COMPLETE,1666784931215,890964213923807232,TransactionType.FREE_AGENT,[],8,
248,,[12],1667958808762,618292946139164672,[],{'5985': 12},[12],,TransactionStatus.COMPLETE,1667958808762,895887813210427392,TransactionType.FREE_AGENT,[],9,
249,{'4197': 1},[1],1667948345562,340485204214874112,[],{'8121': 1},[1],"TransactionSettings(seq=6, waiver_bid=0)",TransactionStatus.FAILED,1667981104156,895843927373254656,TransactionType.WAIVER,[],9,"{'notes': 'Unfortunately, your roster will have too many players after this transaction.'}"
250,{'8126': 1},[1],1667948339091,340485204214874112,[],{'8121': 1},[1],"TransactionSettings(seq=4, waiver_bid=0)",TransactionStatus.COMPLETE,1667981104156,895843900231876608,TransactionType.WAIVER,[],9,{'notes': 'Your waiver claim was processed successfully!'}
251,{'2161': 10},[10],1667927787679,737782444484370432,[],{'5010': 10},[10],"TransactionSettings(seq=1, waiver_bid=5)",TransactionStatus.COMPLETE,1667981104156,895757701362323456,TransactionType.WAIVER,[],9,{'notes': 'Your waiver claim was processed successfully!'}
252,{'503': 10},[10],1667927590906,737782444484370432,[],{'JAX': 10},[10],"TransactionSettings(seq=0, waiver_bid=5)",TransactionStatus.COMPLETE,1667981104156,895756876036464640,TransactionType.WAIVER,[],9,{'notes': 'Your waiver claim was processed successfully!'}
253,{'5917': 2},[2],1667908964295,605175435638145024,[],{'BAL': 2},[2],"TransactionSettings(seq=2, waiver_bid=1)",TransactionStatus.COMPLETE,1667981104156,895678750367375360,TransactionType.WAIVER,[],9,{'notes': 'Your waiver claim was processed successfully!'}
254,{'NYG': 3},[3],1667905173978,605176209256583168,[],{'5230': 3},[3],"TransactionSettings(seq=3, waiver_bid=0)",TransactionStatus.COMPLETE,1667981104156,895662852625608704,TransactionType.WAIVER,[],9,{'notes': 'Your waiver claim was processed successfully!'}
255,{'2078': 3},[3],1667839532916,605176209256583168,[],{'5248': 3},[3],,TransactionStatus.COMPLETE,1667839532916,895387534056644608,TransactionType.FREE_AGENT,[],9,
256,{'ARI': 13},[13],1667820607070,605254631701970944,[],{'CIN': 13},[13],"TransactionSettings(seq=5, waiver_bid=0)",TransactionStatus.COMPLETE,1667981104156,895308153305133056,TransactionType.WAIVER,[],9,{'notes': 'Your waiver claim was processed successfully!'}
257,{'5985': 12},[12],1667753827289,618292946139164672,[],,[12],,TransactionStatus.COMPLETE,1667753827289,895028058602594304,TransactionType.FREE_AGENT,[],9,
258,{'7002': 11},[11],1667751048601,605266609971470336,[],,[11],,TransactionStatus.COMPLETE,1667751048601,895016403940401152,TransactionType.FREE_AGENT,[],9,
259,{'1992': 7},[7],1667750954937,605263942515773440,[],{'8168': 7},[7],,TransactionStatus.COMPLETE,1667750954937,895016011085111296,TransactionType.FREE_AGENT,[],9,
260,{'8259': 1},[1],1667667143118,340485204214874112,[],{'4962': 1},[1],,TransactionStatus.COMPLETE,1667667143118,894664478837334016,TransactionType.FREE_AGENT,[],9,
261,{'7741': 14},[14],1667588880352,455204806886158336,[],,[14],,TransactionStatus.COMPLETE,1667588880352,894336221004849152,TransactionType.FREE_AGENT,[],9,
262,,[14],1667588863058,455204806886158336,[],{'8148': 14},[14],,TransactionStatus.COMPLETE,1667588863058,894336148468555776,TransactionType.FREE_AGENT,[],9,
263,{'4962': 1},[1],1667520744522,340485204214874112,[],{'1266': 1},[1],,TransactionStatus.COMPLETE,1667520744522,894050438620635136,TransactionType.FREE_AGENT,[],9,
264,{'4066': 11},[11],1667519082867,605266609971470336,[],{'6126': 11},[11],"TransactionSettings(seq=2, waiver_bid=2)",TransactionStatus.FAILED,1667541917193,894043469134430208,TransactionType.WAIVER,[],9,{'notes': 'This player was claimed by another owner.'}
265,{'GB': 11},[11],1667519060326,605266609971470336,[],{'SF': 11},[11],,TransactionStatus.COMPLETE,1667519060326,894043374590615552,TransactionType.FREE_AGENT,[],9,
266,{'391': 8},[8],1667518686299,869626839986032640,[],{'4958': 8},[8],,TransactionStatus.COMPLETE,1667518686299,894041805807673344,TransactionType.FREE_AGENT,[],9,
267,{'2750': 1},[1],1667512508797,340485204214874112,[],{'1346': 1},[1],,TransactionStatus.COMPLETE,1667512508797,894015895486226432,TransactionType.FREE_AGENT,[],9,
268,{'KC': 6},[6],1667507577663,605445447401689088,[],{'ATL': 6},[6],,TransactionStatus.COMPLETE,1667507577663,893995212811165696,TransactionType.FREE_AGENT,[],9,
269,{'4066': 13},[13],1667441010126,605254631701970944,[],{'7891': 13},[13],"TransactionSettings(seq=1, waiver_bid=5)",TransactionStatus.COMPLETE,1667541917193,893716008324702208,TransactionType.WAIVER,[],9,{'notes': 'Your waiver claim was processed successfully!'}
270,{'4993': 12},[12],1667425530497,618292946139164672,[],{'DEN': 12},[12],"TransactionSettings(seq=3, waiver_bid=1)",TransactionStatus.COMPLETE,1667541917193,893651082054705152,TransactionType.WAIVER,[],9,{'notes': 'Your waiver claim was processed successfully!'}
271,,[12],1667425438363,618292946139164672,[],{'7002': 12},[12],,TransactionStatus.COMPLETE,1667425438363,893650695616872448,TransactionType.FREE_AGENT,[],9,
272,{'7551': 4},[4],1667416085830,605180610515898368,[],{'3161': 4},[4],,TransactionStatus.COMPLETE,1667416085830,893611468250189824,TransactionType.FREE_AGENT,[],9,
273,{'7670': 13},[13],1667403787741,605254631701970944,[],,[13],,TransactionStatus.COMPLETE,1667403787741,893559886326284288,TransactionType.FREE_AGENT,[],9,
274,{'CIN': 13},[13],1667403722085,605254631701970944,[],{'TEN': 13},[13],,TransactionStatus.COMPLETE,1667403722085,893559610945105920,TransactionType.FREE_AGENT,[],9,
275,,[8],1667399177685,869626839986032640,[],{'947': 8},[8],,TransactionStatus.COMPLETE,1667399177685,893540550350106624,TransactionType.FREE_AGENT,[],9,
276,{'5230': 3},[3],1667395367687,605176209256583168,[],{'503': 3},[3],,TransactionStatus.COMPLETE,1667395367687,893524570060029952,TransactionType.FREE_AGENT,[],9,
277,{'4066': 13},[13],1667389818442,605254631701970944,[],,[13],"TransactionSettings(seq=0, waiver_bid=5)",TransactionStatus.FAILED,1667541917193,893501294839652352,TransactionType.WAIVER,[],9,"{'notes': 'Unfortunately, your roster will have too many players after this transaction.'}"
278,{'3242': 13},[13],1667389739530,605254631701970944,[],{'2078': 13},[13],,TransactionStatus.COMPLETE,1667389739530,893500963858657280,TransactionType.FREE_AGENT,[],9,
279,{'829': 13},[13],1667389659582,605254631701970944,[],,[13],,TransactionStatus.COMPLETE,1667389659582,893500628532482048,TransactionType.FREE_AGENT,[],9,
280,{'7891': 13},[13],1667389591157,605254631701970944,[],{'8172': 13},[13],,TransactionStatus.COMPLETE,1667389591157,893500341537267712,TransactionType.FREE_AGENT,[],9,
281,{'BAL': 2},[2],1667389542817,605175435638145024,[],{'5955': 2},[2],,TransactionStatus.COMPLETE,1667389542817,893500138784694272,TransactionType.FREE_AGENT,[],9,
282,{'8167': 1},[1],1668568532565,340485204214874112,[],{'8126': 1},[1],"TransactionSettings(seq=13, waiver_bid=0)",TransactionStatus.FAILED,1668585894612,898445180200574976,TransactionType.WAIVER,[],10,{'notes': 'This player was claimed by another owner.'}
283,{'8172': 1},[1],1668533075967,340485204214874112,[],{'7594': 1},[1],"TransactionSettings(seq=0, waiver_bid=0)",TransactionStatus.FAILED,1668692127982,898296464449785856,TransactionType.WAIVER,[],10,"{'notes': 'Unfortunately, your roster will have too many players after this transaction.'}"
284,{'7002': 1},[1],1668532966475,340485204214874112,[],{'7594': 1},[1],"TransactionSettings(seq=12, waiver_bid=0)",TransactionStatus.FAILED,1668585894612,898296005207252992,TransactionType.WAIVER,[],10,"{'notes': 'Unfortunately, your roster will have too many players after this transaction.'}"
285,{'5985': 1},[1],1668532957816,340485204214874112,[],{'7594': 1},[1],"TransactionSettings(seq=6, waiver_bid=0)",TransactionStatus.COMPLETE,1668585894612,898295968888418304,TransactionType.WAIVER,[],10,{'notes': 'Your waiver claim was processed successfully!'}
286,{'4017': 4},[4],1668530663193,605180610515898368,[],{'5133': 4},[4],"TransactionSettings(seq=2, waiver_bid=0)",TransactionStatus.COMPLETE,1668585894612,898286344542048256,TransactionType.WAIVER,[],10,{'notes': 'Your waiver claim was processed successfully!'}
287,{'5248': 4},[4],1668524152031,605180610515898368,[],{'5110': 4},[4],"TransactionSettings(seq=1, waiver_bid=0)",TransactionStatus.FAILED,1668585894612,898259034749247488,TransactionType.WAIVER,[],10,{'notes': 'This player was claimed by another owner.'}
288,{'DEN': 14},[14],1668523259048,455204806886158336,[],{'MIA': 14},[14],"TransactionSettings(seq=16, waiver_bid=0)",TransactionStatus.FAILED,1668585894612,898255289307074560,TransactionType.WAIVER,[],10,"{'notes': 'Unfortunately, your roster will have too many players after this transaction.'}"
289,{'WAS': 14},[14],1668523229063,455204806886158336,[],{'MIA': 14},[14],"TransactionSettings(seq=15, waiver_bid=0)",TransactionStatus.FAILED,1668585894612,898255163540840448,TransactionType.WAIVER,[],10,"{'notes': 'Unfortunately, your roster will have too many players after this transaction.'}"
290,{'CIN': 14},[14],1668523213584,455204806886158336,[],{'MIA': 14},[14],"TransactionSettings(seq=14, waiver_bid=0)",TransactionStatus.FAILED,1668585894612,898255098617212928,TransactionType.WAIVER,[],10,"{'notes': 'Unfortunately, your roster will have too many players after this transaction.'}"
291,{'SF': 14},[14],1668523206080,455204806886158336,[],{'MIA': 14},[14],"TransactionSettings(seq=11, waiver_bid=0)",TransactionStatus.COMPLETE,1668585894612,898255067143143424,TransactionType.WAIVER,[],10,{'notes': 'Your waiver claim was processed successfully!'}
292,{'7002': 14},[14],1668522801218,455204806886158336,[],,[14],"TransactionSettings(seq=10, waiver_bid=0)",TransactionStatus.FAILED,1668585894612,898253369028947968,TransactionType.WAIVER,[],10,"{'notes': 'Unfortunately, your roster will have too many players after this transaction.'}"
293,{'6853': 14},[14],1668522781434,455204806886158336,[],,[14],"TransactionSettings(seq=9, waiver_bid=0)",TransactionStatus.FAILED,1668585894612,898253286048878592,TransactionType.WAIVER,[],10,{'notes': 'This player was claimed by another owner.'}
294,{'8205': 14},[14],1668522776015,455204806886158336,[],,[14],"TransactionSettings(seq=8, waiver_bid=0)",TransactionStatus.FAILED,1668585894612,898253263319826432,TransactionType.WAIVER,[],10,"{'notes': 'Unfortunately, your roster will have too many players after this transaction.'}"
295,{'8167': 14},[14],1668522768051,455204806886158336,[],,[14],"TransactionSettings(seq=3, waiver_bid=0)",TransactionStatus.COMPLETE,1668585894612,898253229916528640,TransactionType.WAIVER,[],10,{'notes': 'Your waiver claim was processed successfully!'}
296,,[14],1668522733040,455204806886158336,[],{'8172': 14},[14],,TransactionStatus.COMPLETE,1668522733040,898253083069526016,TransactionType.FREE_AGENT,[],10,
297,,[13],1668515257732,605254631701970944,[],{'3242': 13},[13],,TransactionStatus.COMPLETE,1668515257732,898221729351086080,TransactionType.FREE_AGENT,[],10,
298,{'5248': 13},[13],1668515218683,605254631701970944,[],,[13],"TransactionSettings(seq=0, waiver_bid=1)",TransactionStatus.COMPLETE,1668585894612,898221565572120576,TransactionType.WAIVER,[],10,{'notes': 'Your waiver claim was processed successfully!'}
299,{'6853': 13},[13],1668515145205,605254631701970944,[],,[13],"TransactionSettings(seq=7, waiver_bid=0)",TransactionStatus.COMPLETE,1668585894612,898221257383014400,TransactionType.WAIVER,[],10,{'notes': 'Your waiver claim was processed successfully!'}
300,,[13],1668515128423,605254631701970944,[],{'1476': 13},[13],,TransactionStatus.COMPLETE,1668515128423,898221186994024448,TransactionType.FREE_AGENT,[],10,
301,,[3],1668514914761,605176209256583168,[],{'49': 3},[3],,TransactionStatus.COMPLETE,1668514914761,898220290830643200,TransactionType.FREE_AGENT,[],10,
302,{'4017': 2},[2],1668513254028,605175435638145024,[],{'8119': 2},[2],"TransactionSettings(seq=4, waiver_bid=0)",TransactionStatus.FAILED,1668585894612,898213325211717632,TransactionType.WAIVER,[],10,{'notes': 'This player was claimed by another owner.'}
303,,[2],1668513220030,605175435638145024,[],{'8135': 2},[2],,TransactionStatus.COMPLETE,1668513220030,898213182613630976,TransactionType.FREE_AGENT,[],10,
304,{'4017': 1},[1],1668373848799,340485204214874112,[],{'ATL': 1},[1],"TransactionSettings(seq=5, waiver_bid=0)",TransactionStatus.FAILED,1668585894612,897628617302597632,TransactionType.WAIVER,[],10,{'notes': 'This player was claimed by another owner.'}
305,{'BAL': 1},[1],1668372758269,340485204214874112,[],,[1],,TransactionStatus.COMPLETE,1668372758269,897624043283529728,TransactionType.FREE_AGENT,[],10,
306,{'8150': 13},[13],1668372750805,605254631701970944,[],{'6938': 13},[13],,TransactionStatus.COMPLETE,1668372750805,897624011981438976,TransactionType.FREE_AGENT,[],10,
307,{'5230': 4},[4],1668358397915,605180610515898368,[],{'17': 4},[4],,TransactionStatus.COMPLETE,1668358397915,897563811597500416,TransactionType.FREE_AGENT,[],10,
308,{'7606': 4},[4],1668353448216,605180610515898368,[],{'7551': 4},[4],,TransactionStatus.COMPLETE,1668353448216,897543051055185920,TransactionType.FREE_AGENT,[],10,
309,{'8119': 2},[2],1668302757753,605175435638145024,[],,[2],,TransactionStatus.COMPLETE,1668302757753,897330439843364864,TransactionType.FREE_AGENT,[],10,
310,"{'96': 8, '6955': 8, '6886': 8, '6783': 9, '5916': 9, '3294': 9}","[9, 8]",1668117702350,869626839986032640,[],"{'96': 9, '6955': 9, '6886': 9, '6783': 8, '5916': 8, '3294': 8}","[9, 8]",,TransactionStatus.COMPLETE,1668118037075,896554261226496000,TransactionType.TRADE,[],10,
311,"{'6797': 1, '4137': 8, '4082': 8, '4037': 1}","[8, 1]",1668098905889,340485204214874112,[],"{'6797': 8, '4137': 1, '4082': 1, '4037': 8}","[8, 1]","TransactionSettings(seq=None, waiver_bid=None)",TransactionStatus.COMPLETE,1668116834551,896475423155027968,TransactionType.TRADE,[],10,
312,{'6650': 11},[11],1668098818953,605266609971470336,[],{'7002': 11},[11],,TransactionStatus.COMPLETE,1668098818953,896475058518773760,TransactionType.FREE_AGENT,[],10,
313,{'8228': 11},[11],1668098779766,605266609971470336,[],{'5970': 11},[11],,TransactionStatus.COMPLETE,1668098779766,896474894156582912,TransactionType.FREE_AGENT,[],10,
314,{'3257': 6},[6],1668098259078,605445447401689088,[],,[6],,TransactionStatus.COMPLETE,1668098259078,896472710232821760,TransactionType.FREE_AGENT,[],10,
315,,[5],1668047736801,605249638039109632,[],{'8205': 5},[5],,TransactionStatus.COMPLETE,1668047736801,896260804444311552,TransactionType.FREE_AGENT,[],10,
316,{'6083': 5},[5],1668047680875,605249638039109632,[],,[5],,TransactionStatus.COMPLETE,1668047680875,896260569873666048,TransactionType.FREE_AGENT,[],10,
317,{'BUF': 5},[5],1668047459078,605249638039109632,[],,[5],"TransactionSettings(seq=0, waiver_bid=20)",TransactionStatus.COMPLETE,1668216294498,896259639589761024,TransactionType.WAIVER,[],10,{'notes': 'Your waiver claim was processed successfully!'}
318,,[5],1668047061518,605249638039109632,[],{'LV': 5},[5],,TransactionStatus.COMPLETE,1668047061518,896257972102123520,TransactionType.FREE_AGENT,[],10,
319,,[5],1668047025061,605249638039109632,[],{'BUF': 5},[5],,TransactionStatus.COMPLETE,1668047025061,896257819190382592,TransactionType.FREE_AGENT,[],10,
320,{'8135': 2},[2],1668018515719,605175435638145024,[],,[2],,TransactionStatus.COMPLETE,1668018515719,896138242343194624,TransactionType.FREE_AGENT,[],10,
321,{'ATL': 1},[1],1668002928531,340485204214874112,[],{'MIN': 1},[1],,TransactionStatus.COMPLETE,1668002928531,896072864938217472,TransactionType.FREE_AGENT,[],10,
322,{'4958': 1},[1],1668002905000,340485204214874112,[],{'8259': 1},[1],,TransactionStatus.COMPLETE,1668002905000,896072766242050048,TransactionType.FREE_AGENT,[],10,
323,,[1],1668002882925,340485204214874112,[],{'2750': 1},[1],,TransactionStatus.COMPLETE,1668002882925,896072673652789248,TransactionType.FREE_AGENT,[],10,
324,{'8172': 14},[14],1667999164035,455204806886158336,[],{'7606': 14},[14],,TransactionStatus.COMPLETE,1667999164035,896057075497586688,TransactionType.FREE_AGENT,[],10,
325,{'7565': 14},[14],1667999135679,455204806886158336,[],{'6039': 14},[14],,TransactionStatus.COMPLETE,1667999135679,896056956563902464,TransactionType.FREE_AGENT,[],10,
326,{'49': 3},[3],1667994427299,605176209256583168,[],{'8150': 3},[3],,TransactionStatus.COMPLETE,1667994427299,896037208186834944,TransactionType.FREE_AGENT,[],10,
327,{'6826': 13},[13],1667986448573,605254631701970944,[],{'4066': 13},[13],,TransactionStatus.COMPLETE,1667986448573,896003742984458240,TransactionType.FREE_AGENT,[],10,
328,{'TEN': 13},[13],1667986239830,605254631701970944,[],{'ARI': 13},[13],,TransactionStatus.COMPLETE,1667986239830,896002867452858368,TransactionType.FREE_AGENT,[],10,
329,{'5870': 13},[13],1667985974515,605254631701970944,[],{'829': 13},[13],,TransactionStatus.COMPLETE,1667985974515,896001754641092608,TransactionType.FREE_AGENT,[],10,
330,{'8148': 1},[1],1669136007395,340485204214874112,[],{'8126': 1},[1],"TransactionSettings(seq=8, waiver_bid=0)",TransactionStatus.FAILED,1669190718965,900825342150041600,TransactionType.WAIVER,[],11,"{'notes': 'Unfortunately, your roster will have too many players after this transaction.'}"
331,{'4147': 1},[1],1669135976259,340485204214874112,[],{'8126': 1},[1],"TransactionSettings(seq=5, waiver_bid=0)",TransactionStatus.COMPLETE,1669190718965,900825211555995648,TransactionType.WAIVER,[],11,{'notes': 'Your waiver claim was processed successfully!'}
332,{'8135': 9},[9],1669120392169,605279643485933568,[],,[9],"TransactionSettings(seq=0, waiver_bid=6)",TransactionStatus.COMPLETE,1669190718965,900759847145050112,TransactionType.WAIVER,[],11,{'notes': 'Your waiver claim was processed successfully!'}
333,{'4177': 9},[9],1669120368468,605279643485933568,[],,[9],"TransactionSettings(seq=1, waiver_bid=5)",TransactionStatus.COMPLETE,1669190718965,900759747735789568,TransactionType.WAIVER,[],11,{'notes': 'Your waiver claim was processed successfully!'}
334,{'8135': 2},[2],1669119961306,605175435638145024,[],{'8119': 2},[2],"TransactionSettings(seq=2, waiver_bid=2)",TransactionStatus.FAILED,1669190718965,900758039974543360,TransactionType.WAIVER,[],11,{'notes': 'This player was claimed by another owner.'}
335,{'6938': 8},[8],1669091907942,869626839986032640,[],{'5000': 8},[8],"TransactionSettings(seq=4, waiver_bid=0)",TransactionStatus.COMPLETE,1669190718965,900640375637790720,TransactionType.WAIVER,[],11,{'notes': 'Your waiver claim was processed successfully!'}
336,{'8130': 14},[14],1669081498907,455204806886158336,[],{'8172': 14},[14],"TransactionSettings(seq=6, waiver_bid=0)",TransactionStatus.COMPLETE,1669190718965,900596716980850688,TransactionType.WAIVER,[],11,{'notes': 'Your waiver claim was processed successfully!'}
337,{'4147': 8},[8],1668990125884,869626839986032640,[],{'5000': 8},[8],"TransactionSettings(seq=7, waiver_bid=0)",TransactionStatus.FAILED,1669190718965,900213470745051136,TransactionType.WAIVER,[],11,{'notes': 'This player was claimed by another owner.'}
338,{'4958': 12},[12],1668987140099,618292946139164672,[],{'49': 12},[12],"TransactionSettings(seq=3, waiver_bid=2)",TransactionStatus.COMPLETE,1669190718965,900200947455250432,TransactionType.WAIVER,[],11,{'notes': 'Your waiver claim was processed successfully!'}
339,{'8259': 1},[1],1668977666305,340485204214874112,[],{'4958': 1},[1],,TransactionStatus.COMPLETE,1668977666305,900161211482746880,TransactionType.FREE_AGENT,[],11,
340,{'5374': 13},[13],1668959860064,605254631701970944,[],,[13],,TransactionStatus.COMPLETE,1668959860064,900086526694895616,TransactionType.FREE_AGENT,[],11,
341,{'7002': 6},[6],1668892016264,605445447401689088,[],{'3257': 6},[6],,TransactionStatus.COMPLETE,1668892016264,899801969173082112,TransactionType.FREE_AGENT,[],11,
342,{'7569': 3},[3],1668873493846,605176209256583168,[],{'8150': 3},[3],,TransactionStatus.COMPLETE,1668873493846,899724280521175040,TransactionType.FREE_AGENT,[],11,
343,{'8150': 3},[3],1668826835380,605176209256583168,[],,[3],,TransactionStatus.COMPLETE,1668826835380,899528580730597376,TransactionType.FREE_AGENT,[],11,
344,{'6528': 3},[3],1668812400417,605176209256583168,[],{'2078': 3},[3],,TransactionStatus.COMPLETE,1668812400417,899468036107546624,TransactionType.FREE_AGENT,[],11,
345,{'1476': 2},[2],1668736030265,605175435638145024,[],,[2],,TransactionStatus.COMPLETE,1668736030265,899147716473630720,TransactionType.FREE_AGENT,[],11,
346,{'1433': 8},[8],1668730268244,869626839986032640,[],{'391': 8},[8],,TransactionStatus.COMPLETE,1668730268244,899123548805902336,TransactionType.FREE_AGENT,[],11,
347,{'6149': 1},[1],1668698003966,340485204214874112,[],{'ATL': 1},[1],,TransactionStatus.COMPLETE,1668698003966,898988222615535616,TransactionType.FREE_AGENT,[],11,
348,{'8172': 14},[14],1668697779538,455204806886158336,[],{'8131': 14},[14],,TransactionStatus.COMPLETE,1668697779538,898987281296273408,TransactionType.FREE_AGENT,[],11,
349,{'49': 12},[12],1668658616518,618292946139164672,[],{'2747': 12},[12],"TransactionSettings(seq=0, waiver_bid=0)",TransactionStatus.COMPLETE,1668684327446,898823019684909056,TransactionType.WAIVER,[],11,{'notes': 'Your waiver claim was processed successfully!'}
350,{'DEN': 4},[4],1668635079890,605180610515898368,[],{'TB': 4},[4],,TransactionStatus.COMPLETE,1668635079890,898724299911868416,TransactionType.FREE_AGENT,[],11,
351,{'WAS': 9},[9],1668630845699,605279643485933568,[],{'5119': 9},[9],,TransactionStatus.COMPLETE,1668630845699,898706540427620352,TransactionType.FREE_AGENT,[],11,
352,{'CIN': 10},[10],1668625453392,737782444484370432,[],{'CLE': 10},[10],,TransactionStatus.COMPLETE,1668625453392,898683923452801024,TransactionType.FREE_AGENT,[],11,
353,{'3242': 14},[14],1668598532939,455204806886158336,[],{'7741': 14},[14],"TransactionSettings(seq=0, waiver_bid=0)",TransactionStatus.COMPLETE,1668684927471,898571010889138176,TransactionType.WAIVER,[],11,{'notes': 'Your waiver claim was processed successfully!'}
354,,[14],1668598405063,455204806886158336,[],{'1352': 14},[14],,TransactionStatus.COMPLETE,1668598405063,898570474538283008,TransactionType.FREE_AGENT,[],11,
355,{'8205': 13},[13],1668597218793,605254631701970944,[],{'8150': 13},[13],,TransactionStatus.COMPLETE,1668597218793,898565498961276928,TransactionType.FREE_AGENT,[],11,
356,{'6039': 8},[8],1669793802816,869626839986032640,[],,[8],"TransactionSettings(seq=2, waiver_bid=0)",TransactionStatus.COMPLETE,1669795522182,903584336115453952,TransactionType.WAIVER,[],12,{'notes': 'Your waiver claim was processed successfully!'}
357,{'8122': 8},[8],1669793798359,869626839986032640,[],,[8],"TransactionSettings(seq=1, waiver_bid=0)",TransactionStatus.FAILED,1669795522182,903584317421436928,TransactionType.WAIVER,[],12,{'notes': 'This player was claimed by another owner.'}
358,,[10],1669740799723,737782444484370432,[],{'8155': 10},[10],,TransactionStatus.COMPLETE,1669740799723,903362025030295552,TransactionType.FREE_AGENT,[],12,
359,{'8122': 1},[1],1669739880611,340485204214874112,[],,[1],"TransactionSettings(seq=3, waiver_bid=0)",TransactionStatus.FAILED,1669795522182,903358169995276288,TransactionType.WAIVER,[],12,{'notes': 'This player was claimed by another owner.'}
360,{'8122': 3},[3],1669735342780,605176209256583168,[],{'7569': 3},[3],"TransactionSettings(seq=0, waiver_bid=45)",TransactionStatus.COMPLETE,1669795522182,903339136952590336,TransactionType.WAIVER,[],12,{'notes': 'Your waiver claim was processed successfully!'}
361,{'PIT': 3},[3],1669728866638,605176209256583168,[],,[3],"TransactionSettings(seq=4, waiver_bid=0)",TransactionStatus.COMPLETE,1669795522182,903311974044209152,TransactionType.WAIVER,[],12,{'notes': 'Your waiver claim was processed successfully!'}
362,,[10],1669703136184,737782444484370432,[],{'4985': 10},[10],,TransactionStatus.COMPLETE,1669703136184,903204052698013696,TransactionType.FREE_AGENT,[],12,
363,{'TB': 12},[12],1669569729893,618292946139164672,[],,[12],,TransactionStatus.COMPLETE,1669569729893,902644506158145536,TransactionType.FREE_AGENT,[],12,
364,{'2359': 9},[9],1669567140346,605279643485933568,[],,[9],,TransactionStatus.COMPLETE,1669567140346,902633644810805248,TransactionType.FREE_AGENT,[],12,
365,{'8150': 11},[11],1669559977398,605266609971470336,[],,[11],,TransactionStatus.COMPLETE,1669559977398,902603601229258752,TransactionType.FREE_AGENT,[],12,
366,,[11],1669559956741,605266609971470336,[],{'7601': 11},[11],,TransactionStatus.COMPLETE,1669559956741,902603514587521024,TransactionType.FREE_AGENT,[],12,
367,,[1],1669559606336,340485204214874112,[],{'7045': 1},[1],,TransactionStatus.COMPLETE,1669559606336,902602044882427904,TransactionType.FREE_AGENT,[],12,
368,{'4066': 4},[4],1669486942088,605180610515898368,[],{'5110': 4},[4],,TransactionStatus.COMPLETE,1669486942088,902297268936384512,TransactionType.FREE_AGENT,[],12,
369,,[6],1669321740213,605445447401689088,[],{'1825': 6},[6],,TransactionStatus.COMPLETE,1669321740213,901604362051362816,TransactionType.FREE_AGENT,[],12,
370,,[9],1669306070769,605279643485933568,[],{'4177': 9},[9],,TransactionStatus.COMPLETE,1669306070769,901538639639715840,TransactionType.FREE_AGENT,[],12,
371,,[9],1669305979898,605279643485933568,[],{'5916': 9},[9],,TransactionStatus.COMPLETE,1669305979898,901538258499117056,TransactionType.FREE_AGENT,[],12,
372,,[3],1669259501204,605176209256583168,[],{'NYG': 3},[3],,TransactionStatus.COMPLETE,1669259501204,901343312726859776,TransactionType.FREE_AGENT,[],12,
373,{'CAR': 12},[12],1669244695277,618292946139164672,[],{'LAR': 12},[12],,TransactionStatus.COMPLETE,1669244695277,901281212168028160,TransactionType.FREE_AGENT,[],12,
374,{'NYJ': 10},[10],1669214385818,737782444484370432,[],{'CIN': 10},[10],,TransactionStatus.COMPLETE,1669214385818,901154085082906624,TransactionType.FREE_AGENT,[],12,
375,{'2197': 2},[2],1669206020093,605175435638145024,[],{'8119': 2},[2],"TransactionSettings(seq=0, waiver_bid=1)",TransactionStatus.COMPLETE,1669361077098,901118996690518016,TransactionType.WAIVER,[],12,{'notes': 'Your waiver claim was processed successfully!'}
376,{'MIA': 13},[13],1669204525852,605254631701970944,[],{'TEN': 13},[13],,TransactionStatus.COMPLETE,1669204525852,901112729388072960,TransactionType.FREE_AGENT,[],12,
377,{'8148': 1},[1],1669191784133,340485204214874112,[],{'2197': 1},[1],,TransactionStatus.COMPLETE,1669191784133,901059286745104384,TransactionType.FREE_AGENT,[],12,
378,{'4951': 7},[7],1670383588940,605263942515773440,[],{'956': 7},[7],"TransactionSettings(seq=1, waiver_bid=12)",TransactionStatus.COMPLETE,1670400318240,906058078414503936,TransactionType.WAIVER,[],13,{'notes': 'Your waiver claim was processed successfully!'}
379,{'2747': 7},[7],1670383445339,605263942515773440,[],{'4666': 7},[7],"TransactionSettings(seq=9, waiver_bid=0)",TransactionStatus.COMPLETE,1670400318240,906057476108275712,TransactionType.WAIVER,[],13,{'notes': 'Your waiver claim was processed successfully!'}
380,{'8138': 10},[10],1670383378535,737782444484370432,[],,[10],"TransactionSettings(seq=3, waiver_bid=5)",TransactionStatus.FAILED,1670400318240,906057195911892992,TransactionType.WAIVER,[],13,"{'notes': 'Unfortunately, your roster will have too many players after this transaction.'}"
381,{'TEN': 7},[7],1670383315777,605263942515773440,[],{'NO': 7},[7],"TransactionSettings(seq=8, waiver_bid=0)",TransactionStatus.COMPLETE,1670400318240,906056932685860864,TransactionType.WAIVER,[],13,{'notes': 'Your waiver claim was processed successfully!'}
382,{'4951': 2},[2],1670381738912,605175435638145024,[],{'2197': 2},[2],"TransactionSettings(seq=4, waiver_bid=2)",TransactionStatus.FAILED,1670400318240,906050318834700288,TransactionType.WAIVER,[],13,{'notes': 'This player was claimed by another owner.'}
383,{'LV': 1},[1],1670378424606,340485204214874112,[],{'BAL': 1},[1],"TransactionSettings(seq=6, waiver_bid=0)",TransactionStatus.COMPLETE,1670400318240,906036417627619328,TransactionType.WAIVER,[],13,{'notes': 'Your waiver claim was processed successfully!'}
384,{'5089': 10},[10],1670346756645,737782444484370432,[],,[10],"TransactionSettings(seq=0, waiver_bid=20)",TransactionStatus.COMPLETE,1670400318240,905903592572133376,TransactionType.WAIVER,[],13,{'notes': 'Your waiver claim was processed successfully!'}
385,{'8183': 10},[10],1670346526455,737782444484370432,[],,[10],"TransactionSettings(seq=2, waiver_bid=7)",TransactionStatus.COMPLETE,1670400318240,905902627085291520,TransactionType.WAIVER,[],13,{'notes': 'Your waiver claim was processed successfully!'}
386,{'6931': 14},[14],1670343086374,455204806886158336,[],{'6996': 14},[14],"TransactionSettings(seq=7, waiver_bid=0)",TransactionStatus.COMPLETE,1670400318240,905888198339768320,TransactionType.WAIVER,[],13,{'notes': 'Your waiver claim was processed successfully!'}
387,{'49': 12},[12],1670209249015,618292946139164672,[],{'4958': 12},[12],"TransactionSettings(seq=5, waiver_bid=0)",TransactionStatus.COMPLETE,1670400318240,905326843770150912,TransactionType.WAIVER,[],13,{'notes': 'Your waiver claim was processed successfully!'}
388,,[1],1670170698257,340485204214874112,[],{'6156': 1},[1],,TransactionStatus.COMPLETE,1670170698257,905165150171136000,TransactionType.FREE_AGENT,[],13,
389,{'6996': 14},[14],1669979240439,455204806886158336,[],{'7565': 14},[14],,TransactionStatus.COMPLETE,1669979240439,904362117879177216,TransactionType.FREE_AGENT,[],13,
390,{'CLE': 13},[13],1669863565082,605254631701970944,[],{'MIA': 13},[13],,TransactionStatus.COMPLETE,1669863565082,903876940266610688,TransactionType.FREE_AGENT,[],13,
391,,[12],1669863311625,618292946139164672,[],{'CAR': 12},[12],,TransactionStatus.COMPLETE,1669863311625,903875877190909952,TransactionType.FREE_AGENT,[],13,
392,{'8172': 14},[14],1669826107874,455204806886158336,[],,[14],,TransactionStatus.COMPLETE,1669826107874,903719833349267456,TransactionType.FREE_AGENT,[],13,
393,{'6156': 1},[1],1669810845698,340485204214874112,[],,[1],,TransactionStatus.COMPLETE,1669810845698,903655819143421952,TransactionType.FREE_AGENT,[],13,
394,{'4080': 2},[2],1670940582963,605175435638145024,[],{'4455': 2},[2],"TransactionSettings(seq=0, waiver_bid=6)",TransactionStatus.COMPLETE,1671005119562,908394280673193984,TransactionType.WAIVER,[],14,{'notes': 'Your waiver claim was processed successfully!'}
395,{'7523': 1},[1],1670933100888,340485204214874112,[],{'4147': 1},[1],"TransactionSettings(seq=3, waiver_bid=0)",TransactionStatus.COMPLETE,1671005119562,908362898576056320,TransactionType.WAIVER,[],14,{'notes': 'Your waiver claim was processed successfully!'}
396,{'7757': 1},[1],1670933067130,340485204214874112,[],,[1],"TransactionSettings(seq=2, waiver_bid=0)",TransactionStatus.COMPLETE,1671005119562,908362756984758272,TransactionType.WAIVER,[],14,{'notes': 'Your waiver claim was processed successfully!'}
397,{'4080': 1},[1],1670814327089,340485204214874112,[],{'6012': 1},[1],"TransactionSettings(seq=1, waiver_bid=0)",TransactionStatus.FAILED,1671005119562,907864725151625216,TransactionType.WAIVER,[],14,{'notes': 'This player was claimed by another owner.'}
398,{'4958': 3},[3],1670778427940,605176209256583168,[],,[3],,TransactionStatus.COMPLETE,1670778427940,907714153207275520,TransactionType.FREE_AGENT,[],14,
399,,[3],1670778416333,605176209256583168,[],{'7523': 3},[3],,TransactionStatus.COMPLETE,1670778416333,907714104528183296,TransactionType.FREE_AGENT,[],14,
400,,[3],1670778394804,605176209256583168,[],{'6528': 3},[3],,TransactionStatus.COMPLETE,1670778394804,907714014229012480,TransactionType.FREE_AGENT,[],14,
401,,[9],1670743025563,605279643485933568,[],{'4973': 9},[9],,TransactionStatus.COMPLETE,1670743025563,907565664879910912,TransactionType.FREE_AGENT,[],14,
402,,[9],1670743020992,605279643485933568,[],{'8135': 9},[9],,TransactionStatus.COMPLETE,1670743020992,907565645707747328,TransactionType.FREE_AGENT,[],14,
403,{'4455': 2},[2],1670722581211,605175435638145024,[],{'4602': 2},[2],,TransactionStatus.COMPLETE,1670722581211,907479915052539904,TransactionType.FREE_AGENT,[],14,
404,{'5536': 6},[6],1670685404448,605445447401689088,[],{'6951': 6},[6],,TransactionStatus.COMPLETE,1670685404448,907323984406781952,TransactionType.FREE_AGENT,[],14,
405,{'7083': 6},[6],1670685329340,605445447401689088,[],{'3678': 6},[6],,TransactionStatus.COMPLETE,1670685329340,907323669380997120,TransactionType.FREE_AGENT,[],14,
406,{'4197': 2},[2],1670678067128,605175435638145024,[],{'2197': 2},[2],,TransactionStatus.COMPLETE,1670678067128,907293209456156672,TransactionType.FREE_AGENT,[],14,
407,{'6149': 13},[13],1670592050516,605254631701970944,[],{'4080': 13},[13],"TransactionSettings(seq=0, waiver_bid=2)",TransactionStatus.COMPLETE,1670674485642,906932429636542464,TransactionType.WAIVER,[],14,{'notes': 'Your waiver claim was processed successfully!'}
408,{'5209': 14},[14],1670591840449,455204806886158336,[],{'6931': 14},[14],,TransactionStatus.COMPLETE,1670591840449,906931548551520256,TransactionType.FREE_AGENT,[],14,
409,{'MIN': 10},[10],1670573254983,737782444484370432,[],{'NYJ': 10},[10],,TransactionStatus.COMPLETE,1670573254983,906853595457134592,TransactionType.FREE_AGENT,[],14,
410,{'5119': 6},[6],1670544610520,605445447401689088,[],{'7002': 6},[6],,TransactionStatus.COMPLETE,1670544610520,906733451871494144,TransactionType.FREE_AGENT,[],14,
411,{'8210': 6},[6],1670544559428,605445447401689088,[],,[6],,TransactionStatus.COMPLETE,1670544559428,906733237576134656,TransactionType.FREE_AGENT,[],14,
412,{'6149': 2},[2],1670544068851,605175435638145024,[],{'2197': 2},[2],"TransactionSettings(seq=1, waiver_bid=2)",TransactionStatus.FAILED,1670674485642,906731179947069440,TransactionType.WAIVER,[],14,{'notes': 'This player was claimed by another owner.'}
413,{'6012': 1},[1],1670504798810,340485204214874112,[],{'6149': 1},[1],,TransactionStatus.COMPLETE,1670504798810,906566469456896000,TransactionType.FREE_AGENT,[],14,
414,{'4177': 8},[8],1670474946346,869626839986032640,[],{'96': 8},[8],,TransactionStatus.COMPLETE,1670474946346,906441259147730944,TransactionType.FREE_AGENT,[],14,
415,{'1352': 8},[8],1670474734227,869626839986032640,[],{'6955': 8},[8],,TransactionStatus.COMPLETE,1670474734227,906440369456160768,TransactionType.FREE_AGENT,[],14,
416,,[8],1670474669810,869626839986032640,[],{'6039': 8},[8],,TransactionStatus.COMPLETE,1670474669810,906440099271680000,TransactionType.FREE_AGENT,[],14,
417,{'1049': 10},[10],1670467894209,737782444484370432,[],{'8183': 10},[10],,TransactionStatus.COMPLETE,1670467894209,906411680341303296,TransactionType.FREE_AGENT,[],14,
418,{'5857': 13},[13],1670465596023,605254631701970944,[],,[13],,TransactionStatus.COMPLETE,1670465596023,906402041050570752,TransactionType.FREE_AGENT,[],14,
419,,[13],1670465571907,605254631701970944,[],{'6853': 13},[13],,TransactionStatus.COMPLETE,1670465571907,906401939900735488,TransactionType.FREE_AGENT,[],14,
420,{'7594': 13},[13],1670465531266,605254631701970944,[],{'5374': 13},[13],,TransactionStatus.COMPLETE,1670465531266,906401769440026624,TransactionType.FREE_AGENT,[],14,
421,{'BAL': 11},[11],1670461002501,605266609971470336,[],{'GB': 11},[11],"TransactionSettings(seq=0, waiver_bid=15)",TransactionStatus.COMPLETE,1670570076053,906382774423117824,TransactionType.WAIVER,[],14,{'notes': 'Your waiver claim was processed successfully!'}
422,{'8138': 1},[1],1670460535486,340485204214874112,[],{'8148': 1},[1],,TransactionStatus.COMPLETE,1670460535486,906380815619989504,TransactionType.FREE_AGENT,[],14,
423,{'6984': 5},[5],1670460382677,605249638039109632,[],,[5],,TransactionStatus.COMPLETE,1670460382677,906380174692589568,TransactionType.FREE_AGENT,[],14,
424,,[5],1670460266458,605249638039109632,[],{'7527': 5},[5],,TransactionStatus.COMPLETE,1670460266458,906379687230578688,TransactionType.FREE_AGENT,[],14,
425,{'BAL': 10},[10],1670438935414,737782444484370432,[],{'NYJ': 10},[10],"TransactionSettings(seq=1, waiver_bid=2)",TransactionStatus.FAILED,1670570076053,906290218351628288,TransactionType.WAIVER,[],14,{'notes': 'This player was claimed by another owner.'}
